id,data_year,school_name,private_flag,school_type,school_region,urbanization_level,enrollment_quota,new_student_count,stability,enrollment_rate,tuition_revenue_ratio,debt_ratio,net_income_ratio,totur_flag,closure_flag
1,106,國立中央大學,0,一般大學,桃園市中壢區,2,3713,3439,98.28,93.27,14.92,26.56,85.08,0,0
2,106,國立中山大學,0,一般大學,高雄市鼓山區,2,2983,2652,98.14,89.32,16.38,29.64,83.62,0,0
3,106,國立中正大學,0,一般大學,嘉義縣民雄鄉,4,3416,3113,98.81,91.37,22.26,16.45,77.74,0,0
4,106,國立中興大學,0,一般大學,臺中市南區,1,4471,4156,97.85,92.95,17.27,21.45,82.73,0,0
5,106,國立嘉義大學,0,一般大學,嘉義市東區,4,3572,3190,97.73,89.94,22.7,10.09,77.3,0,0
6,106,國立宜蘭大學,0,一般大學,宜蘭縣宜蘭市,4,1456,1348,97.44,92.84,22.96,11.7,77.04,0,0
7,106,國立屏東大學,0,一般大學,屏東縣屏東市,4,2351,2073,97.99,88.4,26.66,6.25,73.34,0,0
8,106,國立彰化師範大學,0,一般大學,彰化縣彰化市,4,2409,2272,98.47,94.79,27.09,25.41,72.91,0,0
9,106,國立成功大學,0,一般大學,臺南市東區,2,6371,5911,98.18,93.34,13.23,30.82,86.77,0,0
10,106,國立政治大學,0,一般大學,臺北市文山區,2,4110,3853,99.43,94.44,25.97,27.06,74.03,0,0
11,106,國立暨南國際大學,0,一般大學,南投縣埔里鎮,4,1718,1424,98.13,83.03,24.03,16.46,75.97,0,0
12,106,國立東華大學,0,一般大學,花蓮縣壽豐鄉,6,2702,2300,98.08,87.02,21.71,9.57,78.29,0,0
13,106,國立清華大學,0,一般大學,新竹市東區,2,4581,4280,98.74,94.56,12.27,27.14,87.73,0,0
14,106,國立聯合大學,0,一般大學,苗栗縣苗栗市,4,2150,1863,96.44,86.73,30.08,5.82,69.92,0,0
15,106,國立臺中教育大學,0,一般大學,臺中市西區,1,1360,1298,98.3,95.51,21.72,13.02,78.28,0,0
16,106,國立臺北大學,0,一般大學,新北市三峽區,3,2646,2515,98.05,95.19,28.9,8.5,71.1,0,0
17,106,國立臺北教育大學,0,一般大學,臺北市大安區,1,1611,1557,98.68,97.01,21.09,8.42,78.91,0,0
18,106,國立臺北藝術大學,0,一般大學,臺北市北投區,2,731,691,98.87,95.31,21.22,19.66,78.78,0,0
19,106,國立臺南大學,0,一般大學,臺南市中西區,2,1685,1504,98.3,89.36,23.73,12.38,76.27,0,0
20,106,國立臺南藝術大學,0,一般大學,臺南市官田區,6,420,379,97.9,90.24,17.13,3.83,82.87,0,0
21,106,國立臺東大學,0,一般大學,臺東縣臺東市,4,1459,1222,97.09,84.04,22.28,3.69,77.72,0,0
22,106,國立臺灣大學,0,一般大學,臺北市大安區,1,8537,8021,98.55,94.36,10.53,32.75,89.47,0,0
23,106,國立臺灣師範大學,0,一般大學,臺北市大安區,1,4030,3673,98.71,92.89,15.09,14.39,84.91,0,0
24,106,國立臺灣海洋大學,0,一般大學,基隆市中正區,4,2580,2225,98.08,86.47,20.17,15.42,79.83,0,0
25,106,國立臺灣藝術大學,0,一般大學,新北市板橋區,1,1366,1336,98.38,97.8,28.41,6.51,71.59,0,0
26,106,國立臺灣體育運動大學,0,一般大學,臺中市北區,1,781,735,95.62,94.23,24.1,5.19,75.9,0,0
27,106,國立金門大學,0,一般大學,金門縣金寧鄉,5,1096,963,96.29,88.19,31.8,10.95,68.2,0,0
28,106,國立陽明交通大學,0,一般大學,新竹市東區,2,4201,3962,98.35,94.76,13.33,34.72,86.67,0,0
29,106,國立陽明大學,0,一般大學,臺北市北投區,2,1286,1085,98.1,85.16,10.39,25.41,89.61,0,0
30,106,國立體育大學,0,一般大學,桃園市龜山區,3,638,606,97.81,94.98,17.16,5.19,82.84,0,0
31,106,國立高雄大學,0,一般大學,高雄市楠梓區,2,1545,1416,97.91,92.07,27.58,6.78,72.42,0,0
32,106,國立高雄師範大學,0,一般大學,高雄市苓雅區,1,2051,1848,98.26,90.1,24.65,10.52,75.35,0,0
33,106,臺北市立大學,0,一般大學,臺北市中正區,1,2073,1938,97.6,93.67,19.86,#N/A,80.14,0,0
34,106,國立勤益科技大學,0,技專校院,臺中市太平區,3,3118,2793,97.39,89.66,39.79,8.24,60.21,0,0
35,106,國立屏東科技大學,0,技專校院,屏東縣內埔鄉,6,2819,2365,97.66,84.16,26.01,18.75,73.99,0,0
36,106,國立澎湖科技大學,0,技專校院,澎湖縣馬公市,4,807,704,96.99,87.24,23.43,2.6,76.57,0,0
37,106,國立臺中科技大學,0,技專校院,臺中市北區,1,5006,4817,97.79,96.22,39.61,3.47,60.39,0,0
38,106,國立臺北商業大學,0,技專校院,臺北市中正區,1,2253,2171,98.59,96.92,35.58,2.8,64.42,0,0
39,106,國立臺北科技大學,0,技專校院,臺北市大安區,1,3444,3298,98.37,95.87,25.58,13.87,74.42,0,0
40,106,國立臺北護理健康大學,0,技專校院,臺北市北投區,2,1495,1442,98.76,96.84,28.89,5.29,71.11,0,0
41,106,國立臺南護理專科學校,0,技專校院,臺南市中西區,2,443,426,98.8,96.16,23.01,1.22,76.99,0,0
42,106,國立臺東專科學校,0,技專校院,臺東縣臺東市,4,611,400,94.37,65.68,15.27,2.37,84.73,0,0
43,106,國立臺灣戲曲學院,0,技專校院,臺北市內湖區,2,144,142,95.11,98.61,5.78,9.1,94.22,0,0
44,106,國立臺灣科技大學,0,技專校院,臺北市大安區,1,2626,2525,98.87,96.67,20.22,22.59,79.78,0,0
45,106,國立虎尾科技大學,0,技專校院,雲林縣虎尾鎮,4,2998,2610,97.91,87.17,29.39,11.05,70.61,0,0
46,106,國立雲林科技大學,0,技專校院,雲林縣斗六市,4,2728,2412,98.74,88.45,26.04,14.96,73.96,0,0
47,106,國立高雄應用科技大學,0,技專校院,高雄市三民區,2,3657,3406,#N/A,93.29,34.52,12.49,65.48,0,0
48,106,國立高雄海洋科技大學,0,技專校院,高雄市楠梓區,2,2005,1782,#N/A,88.88,29.25,15.99,70.75,0,0
49,106,國立高雄第一科技大學,0,技專校院,高雄市燕巢區,6,2156,1971,#N/A,91.59,27.03,12.28,72.97,0,0
50,106,國立高雄餐旅大學,0,技專校院,高雄市小港區,4,1227,1136,99.05,92.73,31.88,12,68.12,0,0
51,106,世新大學,1,一般大學,臺北市文山區,2,2869,2591,98.09,90.44,66.81,3.33,33.19,0,0
52,106,中信學校財團法人中信金融管理學院,1,一般大學,臺南市安南區,3,180,180,96.7,100,16.61,9.41,83.39,0,0
53,106,中原大學,1,一般大學,桃園市中壢區,2,4269,3988,97.91,93.42,51.03,7.24,48.97,0,0
54,106,中國文化大學,1,一般大學,臺北市士林區,2,6881,5904,95.84,85.86,57.68,3.61,42.32,0,0
55,106,中國醫藥大學,1,一般大學,臺中市北區,1,1753,1568,98.11,89.55,18.32,4.79,81.68,0,0
56,106,中山醫學大學,1,一般大學,臺中市南區,1,1921,1713,97.4,89.27,44.05,34.76,55.95,0,0
57,106,中華大學學校財團法人中華大學,1,一般大學,新竹市香山區,3,2205,1485,95.63,68.03,56.21,8.22,43.79,0,0
58,106,亞洲大學,1,一般大學,臺中市霧峰區,4,3278,2970,95.96,90.63,56.24,20.2,43.76,0,0
59,106,佛光大學,1,一般大學,宜蘭縣礁溪鄉,4,1246,994,96.28,79.9,38.84,3.86,61.16,0,0
60,106,元智大學,1,一般大學,桃園市中壢區,2,2658,2170,98.26,81.67,47.02,2.01,52.98,0,0
61,106,南華大學,1,一般大學,嘉義縣大林鎮,6,1754,1513,95.79,87.15,40.48,3.91,59.52,0,0
62,106,台灣首府學校財團法人台灣首府大學,1,一般大學,臺南市麻豆區,6,880,469,92.27,53.36,68.12,1.55,31.88,0,0
63,106,大同大學,1,一般大學,臺北市中山區,1,1295,1104,96.92,85.25,51.86,1.8,48.14,0,0
64,106,大葉大學,1,一般大學,彰化縣大村鄉,8,3902,2495,95.95,63.94,65.93,6.21,34.07,0,0
65,106,實踐大學,1,一般大學,臺北市中山區,1,3978,3186,95.87,80.09,63.95,9.02,36.05,0,0
66,106,康寧學校財團法人康寧大學,1,一般大學,臺北市內湖區,2,1580,1233,92.26,78.04,59.73,3.85,40.27,0,0
67,106,慈濟學校財團法人慈濟大學,1,一般大學,花蓮縣花蓮市,4,935,724,96.95,77.68,21.53,2.3,78.47,0,0
68,106,明道學校財團法人明道大學,1,一般大學,彰化縣埤頭鄉,6,1676,876,94.08,52.49,57.21,14.38,42.79,0,0
69,106,東吳大學,1,一般大學,臺北市士林區,2,3907,3650,97.6,93.45,62.34,7.81,37.66,0,0
70,106,東海大學,1,一般大學,臺中市西屯區,2,4329,3850,97.78,89.06,60.08,7.74,39.92,0,0
71,106,法鼓學校財團法人法鼓文理學院,1,一般大學,新北市金山區,6,117,70,95.24,72.92,7.39,3.38,92.61,0,0
72,106,淡江大學學校財團法人淡江大學,1,一般大學,新北市淡水區,3,6924,5807,96.97,83.94,63.18,17.77,36.82,0,0
73,106,玄奘大學,1,一般大學,新竹市香山區,3,1735,832,93.92,47.95,59.98,4.19,40.02,0,0
74,106,真理大學,1,一般大學,新北市淡水區,3,1987,1259,94.68,63.36,76.45,15.07,23.55,0,0
75,106,稻江科技暨管理學院,1,一般大學,嘉義縣朴子市,4,895,768,92.41,85.81,70.33,4.47,29.67,0,0
76,106,義守大學,1,一般大學,高雄市大樹區,6,4171,3339,96.13,81.28,58.34,7.74,41.66,0,0
77,106,臺北醫學大學,1,一般大學,臺北市信義區,1,1381,1277,98.24,92.67,15.56,28.36,84.44,0,0
78,106,華梵大學,1,一般大學,新北市石碇區,6,1144,371,93.32,32.43,49.42,1.77,50.58,0,0
79,106,輔仁大學,1,一般大學,新北市新莊區,1,6795,6189,97.08,91.19,58.3,28.35,41.7,0,0
80,106,逢甲大學,1,一般大學,臺中市西屯區,2,5503,5114,97.46,92.96,53.15,29.51,46.85,0,0
81,106,銘傳大學,1,一般大學,臺北市士林區,2,4746,4420,97.74,93.13,67.49,3.73,32.51,0,0
82,106,長庚大學,1,一般大學,桃園市龜山區,3,2010,1707,97.89,84.97,12.48,1.11,87.52,0,0
83,106,長榮大學,1,一般大學,臺南市歸仁區,4,3026,2008,96.57,66.36,66.34,4.49,33.66,0,0
84,106,開南大學,1,一般大學,桃園市蘆竹區,3,2358,1323,94.14,56.11,70.95,11.28,29.05,0,0
85,106,靜宜大學,1,一般大學,臺中市沙鹿區,3,3040,2823,97.5,92.89,61.52,4.12,38.48,0,0
86,106,馬偕學校財團法人馬偕醫學院,1,一般大學,新北市三芝區,6,145,131,98.8,90.34,13.4,2.15,86.6,0,0
87,106,高雄醫學大學,1,一般大學,高雄市三民區,2,1844,1643,98.48,89.1,25.17,4.12,74.83,0,0
88,106,中信金學校財團法人中信科技大學,1,技專校院,臺南市新市區,3,2650,1493,94.38,56.34,61.8,8.25,38.2,0,0
89,106,中國科技大學,1,技專校院,臺北市文山區,2,3870,2744,95.91,71,74.34,4.89,25.66,0,0
90,106,中州學校財團法人中州科技大學,1,技專校院,彰化縣員林市,4,1949,1058,91.55,54.42,52.62,7.04,47.38,0,0
91,106,中臺科技大學,1,技專校院,臺中市北屯區,3,2881,2266,96.2,78.65,71.87,5.72,28.13,0,0
92,106,中華學校財團法人中華科技大學,1,技專校院,臺北市南港區,2,2296,1481,96.3,64.96,72.47,9.74,27.53,0,0
93,106,中華醫事科技大學,1,技專校院,臺南市仁德區,3,3108,2308,95.97,74.26,72.58,5.75,27.42,0,0
94,106,亞太學校財團法人亞太創意技術學院,1,技專校院,苗栗縣頭份市,3,440,305,94.91,69.32,75.14,6.21,24.86,0,1
95,106,亞東技術學院,1,技專校院,新北市板橋區,1,1108,972,97.57,88.04,42.39,0.6,57.61,0,0
96,106,仁德醫護管理專科學校,1,技專校院,苗栗縣後龍鎮,6,1555,1390,96.69,89.39,69.12,7.1,30.88,0,0
97,106,修平學校財團法人修平科技大學,1,技專校院,臺中市大里區,3,2137,1130,94.48,52.88,70.26,7.31,29.74,0,0
98,106,健行學校財團法人健行科技大學,1,技專校院,桃園市中壢區,2,3417,2678,95.5,78.42,68.77,3.78,31.23,0,0
99,106,僑光科技大學,1,技專校院,臺中市西屯區,2,2646,2499,95.52,94.48,79.36,2.86,20.64,0,0
100,106,光宇學校財團法人元培醫事科技大學,1,技專校院,新竹市香山區,3,2500,1841,95.06,73.64,67.45,5.62,32.55,0,0
101,106,南亞科技學校財團法人南亞技術學院,1,技專校院,桃園市中壢區,2,2136,1102,92.71,51.59,70.05,3.79,29.95,0,0
102,106,南榮學校財團法人南榮科技大學,1,技專校院,臺南市鹽水區,6,1172,377,92.63,32.17,75.86,3.22,24.14,0,1
103,106,南臺學校財團法人南臺科技大學,1,技專校院,臺南市永康區,3,5368,4150,97,77.4,62.61,4.45,37.39,0,0
104,106,南開科技大學,1,技專校院,南投縣草屯鎮,4,1775,1102,94.38,62.08,69.34,5.44,30.66,0,0
105,106,台北海洋學校財團法人台北海洋科技大學,1,技專校院,新北市淡水區,3,1751,1120,93.23,63.96,72.33,12.71,27.67,0,0
106,106,台南家專學校財團法人台南應用科技大學,1,技專校院,臺南市永康區,3,3494,2901,96.84,83.1,78.38,3.98,21.62,0,0
107,106,台鋼學校財團法人台鋼科技大學,1,技專校院,高雄市路竹區,5,2502,1280,92.47,51.16,63.4,3.77,36.6,0,0
108,106,吳鳳科技大學,1,技專校院,嘉義縣民雄鄉,4,2245,1399,95.67,62.32,69.22,2.59,30.78,0,0
109,106,和春技術學院,1,技專校院,高雄市旗山區,6,2001,710,86.03,35.48,68.19,2.39,31.81,0,0
110,106,嘉藥學校財團法人嘉南藥理大學,1,技專校院,臺南市仁德區,3,5167,3348,96.88,64.9,69.03,9.12,30.97,0,0
111,106,城市學校財團法人臺北城市科技大學,1,技專校院,臺北市北投區,2,3486,2761,94.44,79.2,80.72,14.47,19.28,0,0
112,106,大仁科技大學,1,技專校院,屏東縣鹽埔鄉,7,2620,1925,95.22,73.5,68.38,7.34,31.62,0,0
113,106,大同技術學院,1,技專校院,嘉義市東區,4,817,586,89.42,71.73,67.69,4.95,32.31,0,0
114,106,大漢技術學院,1,技專校院,花蓮縣新城鄉,4,760,505,92.42,66.45,66.95,1.42,33.05,0,0
115,106,大華學校財團法人敏實科技大學,1,技專校院,新竹縣芎林鄉,3,1356,816,92.39,60.18,47.2,14.1,52.8,0,0
116,106,宏國學校財團法人宏國德霖科技大學,1,技專校院,新北市土城區,3,2579,1621,93.67,62.95,77.32,2.79,22.68,0,0
117,106,崇仁醫護管理專科學校,1,技專校院,嘉義市東區,4,726,726,98,100,63.52,3.79,36.48,0,0
118,106,崇右學校財團法人崇右影藝科技大學,1,技專校院,基隆市信義區,4,2215,1228,91.64,55.47,69.47,7.02,30.53,0,0
119,106,崑山科技大學,1,技專校院,臺南市永康區,3,3913,2731,95.36,69.79,56.74,12.3,43.26,0,0
120,106,嶺東科技大學,1,技專校院,臺中市南屯區,2,2725,2516,95.36,92.33,75.51,8.39,24.49,0,0
121,106,廣亞學校財團法人育達科技大學,1,技專校院,苗栗縣造橋鄉,6,1819,1079,93.42,59.48,66.16,3.28,33.84,0,0
122,106,建國科技大學,1,技專校院,彰化縣彰化市,4,3131,1884,94.85,60.17,73.09,8.71,26.91,0,0
123,106,弘光科技大學,1,技專校院,臺中市沙鹿區,3,3543,3253,96.64,91.81,65.63,9.96,34.37,0,0
124,106,德明財經科技大學,1,技專校院,臺北市內湖區,2,2383,1660,96.94,69.81,70.54,2.63,29.46,0,0
125,106,德育學校財團法人德育護理健康學院,1,技專校院,基隆市中山區,4,1912,1397,93.62,73.06,74.6,10.65,25.4,0,0
126,106,慈惠醫護管理專科學校,1,技專校院,屏東縣南州鄉,7,1595,974,94.53,61.07,69.83,6.08,30.17,0,0
127,106,慈濟學校財團法人慈濟科技大學,1,技專校院,花蓮縣花蓮市,4,829,715,97.43,86.25,30.01,4.73,69.99,0,0
128,106,敏惠醫護管理專科學校,1,技專校院,臺南市柳營區,6,915,785,98.09,85.79,53.5,11.84,46.5,0,0
129,106,文藻學校財團法人文藻外語大學,1,技專校院,高雄市三民區,2,2307,2141,96.4,92.8,63.81,6.13,36.19,0,0
130,106,新生醫護管理專科學校,1,技專校院,桃園市龍潭區,3,1301,1268,97.68,97.46,72.84,11.81,27.16,0,0
131,106,明志科技大學,1,技專校院,新北市泰山區,4,1286,1072,98.19,84.28,15.79,0.71,84.21,0,0
132,106,明新學校財團法人明新科技大學,1,技專校院,新竹縣新豐鄉,3,3733,2594,91.71,69.49,69.52,13.85,30.48,0,0
133,106,景文科技大學,1,技專校院,新北市新店區,2,2258,1740,94.62,77.13,70.3,6.11,29.7,0,0
134,106,朝陽科技大學,1,技專校院,臺中市霧峰區,4,3923,3437,96.52,87.61,64.77,5.85,35.23,0,0
135,106,東南科技大學,1,技專校院,新北市深坑區,4,1968,1308,93.64,66.6,73.37,4.11,26.63,0,0
136,106,東方學校財團法人東方設計大學,1,技專校院,高雄市湖內區,5,1373,923,94.82,67.27,68.27,5.71,31.73,0,0
137,106,樹人醫護管理專科學校,1,技專校院,高雄市路竹區,5,1686,1623,96.67,96.32,73.37,5.4,26.63,0,0
138,106,樹德科技大學,1,技專校院,高雄市燕巢區,6,3284,2748,94.92,83.68,66.73,8.19,33.27,0,0
139,106,正修學校財團法人正修科技大學,1,技專校院,高雄市鳥松區,2,5387,4710,95.43,87.56,65.93,4.92,34.07,0,0
140,106,環球學校財團法人環球科技大學,1,技專校院,雲林縣斗六市,4,2355,1504,91.93,63.89,68.93,9.05,31.07,0,0
141,106,美和學校財團法人美和科技大學,1,技專校院,屏東縣內埔鄉,6,3343,2396,95.2,71.67,72.07,7.11,27.93,0,0
142,106,耕莘健康管理專科學校,1,技專校院,新北市新店區,2,1110,1037,97.28,93.42,57.52,21.27,42.48,0,0
143,106,聖母醫護管理專科學校,1,技專校院,宜蘭縣三星鄉,6,827,553,95.15,66.87,65,10.33,35,0,0
144,106,聖約翰科技大學,1,技專校院,新北市淡水區,3,1088,682,95.11,62.74,67.19,3.97,32.81,0,0
145,106,育英醫護管理專科學校,1,技專校院,高雄市三民區,2,422,411,98.48,97.39,68.75,5.9,31.25,0,0
146,106,致理學校財團法人致理科技大學,1,技專校院,新北市板橋區,1,2629,2501,97.62,95.13,72.11,4.95,27.89,0,0
147,106,臺灣觀光學院,1,技專校院,花蓮縣壽豐鄉,6,385,115,85.15,29.87,43.59,4.43,56.41,0,0
148,106,華夏學校財團法人華夏科技大學,1,技專校院,新北市中和區,1,2071,1349,90.1,65.14,72.87,4.75,27.13,0,0
149,106,萬能學校財團法人萬能科技大學,1,技專校院,桃園市中壢區,2,3646,3145,95.07,86.42,70.06,7.85,29.94,0,0
150,106,蘭陽技術學院,1,技專校院,宜蘭縣頭城鎮,4,704,309,87.62,43.89,44.37,3.16,55.63,0,0
151,106,輔英科技大學,1,技專校院,高雄市大寮區,4,2978,2637,96.78,88.55,67.12,5.34,32.88,0,0
152,106,醒吾學校財團法人醒吾科技大學,1,技專校院,新北市林口區,3,3228,2395,93.82,74.29,73.62,3.69,26.38,0,0
153,106,長庚學校財團法人長庚科技大學,1,技專校院,桃園市龜山區,3,2294,2253,99.06,98.21,26.84,0.9,73.16,0,0
154,106,馬偕學校財團法人馬偕醫護管理專科學校,1,技專校院,臺北市北投區,2,1060,1031,97.18,97.26,50.81,11.56,49.19,0,0
155,106,高美醫護管理專科學校,1,技專校院,高雄市美濃區,7,127,60,100,47.24,39.55,11.84,60.45,0,1
156,106,黎明技術學院,1,技專校院,新北市泰山區,4,1645,1145,93.82,69.65,61.64,9.84,38.36,0,0
157,106,龍華科技大學,1,技專校院,桃園市龜山區,3,2745,2486,94.41,90.6,66.2,3.81,33.8,0,0
158,107,國立中央大學,0,一般大學,桃園市中壢區,2,3711,3442,94.17,93.43,14.2,27.87,85.8,0,0
159,107,國立中山大學,0,一般大學,高雄市鼓山區,2,2982,2648,95.73,89.65,15.79,30.75,84.21,0,0
160,107,國立中正大學,0,一般大學,嘉義縣民雄鄉,4,3401,3060,93.81,90.45,21.1,18.09,78.9,0,0
161,107,國立中興大學,0,一般大學,臺中市南區,1,4439,4142,94.88,93.64,14.81,66.07,85.19,0,0
162,107,國立嘉義大學,0,一般大學,嘉義市東區,4,3482,3146,92.61,90.96,22.3,11.47,77.7,0,0
163,107,國立宜蘭大學,0,一般大學,宜蘭縣宜蘭市,4,1456,1345,92.21,92.84,21.28,12.07,78.72,0,0
164,107,國立屏東大學,0,一般大學,屏東縣屏東市,4,2345,2116,93.39,90.4,24.73,6.05,75.27,0,0
165,107,國立彰化師範大學,0,一般大學,彰化縣彰化市,4,2403,2248,95.1,93.94,25.64,26,74.36,0,0
166,107,國立成功大學,0,一般大學,臺南市東區,2,6349,5939,94.24,94.49,12.14,33.3,87.86,0,0
167,107,國立政治大學,0,一般大學,臺北市文山區,2,4061,3829,96.57,95.13,24.94,34.01,75.06,0,0
168,107,國立暨南國際大學,0,一般大學,南投縣埔里鎮,4,1664,1359,93.1,83.18,21.52,17.06,78.48,0,0
169,107,國立東華大學,0,一般大學,花蓮縣壽豐鄉,6,2732,2259,92.79,86.05,20.32,10.74,79.68,0,0
170,107,國立清華大學,0,一般大學,新竹市東區,2,4563,4313,95.61,95.97,11.63,31.23,88.37,0,0
171,107,國立聯合大學,0,一般大學,苗栗縣苗栗市,4,2150,1922,92.66,89.64,27.23,6.23,72.77,0,0
172,107,國立臺中教育大學,0,一般大學,臺中市西區,1,1358,1269,93.44,93.68,19.85,12.84,80.15,0,0
173,107,國立臺北大學,0,一般大學,新北市三峽區,3,2633,2527,94.1,96.32,27.17,8.58,72.83,0,0
174,107,國立臺北教育大學,0,一般大學,臺北市大安區,1,1608,1465,95.45,91.77,21.48,9.5,78.52,0,0
175,107,國立臺北藝術大學,0,一般大學,臺北市北投區,2,729,680,93.92,93.91,19.15,18.46,80.85,0,0
176,107,國立臺南大學,0,一般大學,臺南市中西區,2,1706,1497,94.16,88.06,21.45,14.22,78.55,0,0
177,107,國立臺南藝術大學,0,一般大學,臺南市官田區,6,420,369,92.09,88.3,15.67,3.13,84.33,0,0
178,107,國立臺東大學,0,一般大學,臺東縣臺東市,4,1482,1216,90.27,83.98,19.85,5.15,80.15,0,0
179,107,國立臺灣大學,0,一般大學,臺北市大安區,1,8537,8008,96.14,94.53,10.29,35.09,89.71,0,0
180,107,國立臺灣師範大學,0,一般大學,臺北市大安區,1,4131,3746,94.7,92.55,13.87,16.26,86.13,0,0
181,107,國立臺灣海洋大學,0,一般大學,基隆市中正區,4,2571,2245,94.28,88.12,18.27,16.92,81.73,0,0
182,107,國立臺灣藝術大學,0,一般大學,新北市板橋區,1,1363,1334,94.19,97.87,27,5.4,73,0,0
183,107,國立臺灣體育運動大學,0,一般大學,臺中市北區,1,781,759,85.82,97.37,21.25,4.71,78.75,0,0
184,107,國立金門大學,0,一般大學,金門縣金寧鄉,5,1096,942,86.6,86.32,27.28,12.11,72.72,0,0
185,107,國立陽明交通大學,0,一般大學,新竹市東區,2,4204,4022,95.47,96.25,11.95,38.58,88.05,0,0
186,107,國立陽明大學,0,一般大學,臺北市北投區,2,1288,1103,89.78,86.83,9.53,29.73,90.47,0,0
187,107,國立體育大學,0,一般大學,桃園市龜山區,3,637,603,94.44,94.9,14,6,86,0,0
188,107,國立高雄大學,0,一般大學,高雄市楠梓區,2,1580,1459,92.96,92.71,25.36,7.72,74.64,0,0
189,107,國立高雄師範大學,0,一般大學,高雄市苓雅區,1,1994,1711,90.1,86.17,23.71,10.54,76.29,0,0
190,107,臺北市立大學,0,一般大學,臺北市中正區,1,2043,1935,90.1,94.94,19.47,#N/A,80.53,0,0
191,107,國立勤益科技大學,0,技專校院,臺中市太平區,3,3209,2970,93.87,92.71,33.96,9.69,66.04,0,0
192,107,國立屏東科技大學,0,技專校院,屏東縣內埔鄉,6,2783,2400,93.85,87.07,22.32,20.15,77.68,0,0
193,107,國立澎湖科技大學,0,技專校院,澎湖縣馬公市,4,828,699,91.32,84.48,22,2.55,78,0,0
194,107,國立臺中科技大學,0,技專校院,臺中市北區,1,5032,4846,96,96.34,36.69,3.31,63.31,0,0
195,107,國立臺北商業大學,0,技專校院,臺北市中正區,1,2217,2156,95.89,97.9,32.95,4.24,67.05,0,0
196,107,國立臺北科技大學,0,技專校院,臺北市大安區,1,3483,3345,95.58,96.48,23.82,15.27,76.18,0,0
197,107,國立臺北護理健康大學,0,技專校院,臺北市北投區,2,1494,1433,96.21,96.23,26.91,8.44,73.09,0,0
198,107,國立臺南護理專科學校,0,技專校院,臺南市中西區,2,445,430,99.02,96.63,19.7,1.28,80.3,0,0
199,107,國立臺東專科學校,0,技專校院,臺東縣臺東市,4,598,391,84.79,65.6,13.48,3.09,86.52,0,0
200,107,國立臺灣戲曲學院,0,技專校院,臺北市內湖區,2,144,141,90.78,97.99,5.65,7.34,94.35,0,0
201,107,國立臺灣科技大學,0,技專校院,臺北市大安區,1,2645,2541,96.04,97,18.42,24.7,81.58,0,0
202,107,國立虎尾科技大學,0,技專校院,雲林縣虎尾鎮,4,3029,2686,95.3,88.95,25.64,10.76,74.36,0,0
203,107,國立雲林科技大學,0,技專校院,雲林縣斗六市,4,2724,2403,96.88,88.86,22.55,16.41,77.45,0,0
204,107,國立高雄科技大學,0,技專校院,高雄市三民區,2,7877,7352,95.68,93.41,27.08,13.94,72.92,0,0
205,107,國立高雄餐旅大學,0,技專校院,高雄市小港區,4,1199,1128,96.67,94.61,29.17,11.59,70.83,0,0
206,107,世新大學,1,一般大學,臺北市文山區,2,2858,2670,91.71,93.9,65.49,1.25,34.51,0,0
207,107,中信學校財團法人中信金融管理學院,1,一般大學,臺南市安南區,3,240,240,78.15,100,18.69,5.81,81.31,0,0
208,107,中原大學,1,一般大學,桃園市中壢區,2,4263,3967,93.9,93.5,50.78,2.85,49.22,0,0
209,107,中國文化大學,1,一般大學,臺北市士林區,2,6890,5907,85.98,86.28,63.89,0.53,36.11,0,0
210,107,中國醫藥大學,1,一般大學,臺中市北區,1,1721,1567,95.17,91.65,18.68,35.48,81.32,0,0
211,107,中山醫學大學,1,一般大學,臺中市南區,1,1917,1707,90.94,89.37,43.54,4.54,56.46,0,0
212,107,中華大學學校財團法人中華大學,1,一般大學,新竹市香山區,3,2347,1845,88.95,81.08,54.84,17.16,45.16,0,0
213,107,亞洲大學,1,一般大學,臺中市霧峰區,4,3267,3039,90.89,93.23,51.9,3.25,48.1,0,0
214,107,佛光大學,1,一般大學,宜蘭縣礁溪鄉,4,1246,1017,91.03,82.35,36.76,4.92,63.24,0,0
215,107,元智大學,1,一般大學,桃園市中壢區,2,2427,2128,94.31,88.4,42.66,6.76,57.34,0,0
216,107,南華大學,1,一般大學,嘉義縣大林鎮,6,1722,1590,88.63,94.39,45.2,7.76,54.8,0,0
217,107,台灣首府學校財團法人台灣首府大學,1,一般大學,臺南市麻豆區,6,727,384,70.11,60.12,64.54,8.88,35.46,0,0
218,107,大同大學,1,一般大學,臺北市中山區,1,1231,1086,91.52,88.43,49.27,3.04,50.73,0,0
219,107,大葉大學,1,一般大學,彰化縣大村鄉,8,3635,2609,87.24,72.68,65.44,3.38,34.56,0,0
220,107,實踐大學,1,一般大學,臺北市中山區,1,3636,3237,87.02,89.48,63.87,6.56,36.13,0,0
221,107,康寧學校財團法人康寧大學,1,一般大學,臺北市內湖區,2,1530,972,83.53,63.62,60.19,15.47,39.81,0,0
222,107,慈濟學校財團法人慈濟大學,1,一般大學,花蓮縣花蓮市,4,934,775,90.55,84.09,21.47,13.76,78.53,0,0
223,107,明道學校財團法人明道大學,1,一般大學,彰化縣埤頭鄉,6,1664,773,79.24,51.61,53.71,8.78,46.29,0,0
224,107,東吳大學,1,一般大學,臺北市士林區,2,3906,3610,90.15,92.74,59.5,4.3,40.5,0,0
225,107,東海大學,1,一般大學,臺中市西屯區,2,4279,3827,91.58,90.18,57.27,0.07,42.73,0,0
226,107,法鼓學校財團法人法鼓文理學院,1,一般大學,新北市金山區,6,117,71,76.92,68.52,6.36,3.48,93.64,0,0
227,107,淡江大學學校財團法人淡江大學,1,一般大學,新北市淡水區,3,6879,5758,91.05,84.69,64.32,13.8,35.68,0,0
228,107,玄奘大學,1,一般大學,新竹市香山區,3,1415,755,85.77,54.58,55.8,3.57,44.2,0,0
229,107,真理大學,1,一般大學,新北市淡水區,3,1959,1617,82.15,82.61,74.39,3.42,25.61,0,0
230,107,稻江科技暨管理學院,1,一般大學,嘉義縣朴子市,4,830,723,73.9,87.32,73.26,9.57,26.74,0,0
231,107,義守大學,1,一般大學,高雄市大樹區,6,3829,3256,88.31,87.56,57.7,3.63,42.3,0,0
232,107,臺北醫學大學,1,一般大學,臺北市信義區,1,1378,1282,91.44,93.96,14.55,2.18,85.45,0,0
233,107,華梵大學,1,一般大學,新北市石碇區,6,793,435,70.48,56.18,46.64,27.77,53.36,0,0
234,107,輔仁大學,1,一般大學,新北市新莊區,1,6790,6178,92.04,91.13,62.79,6.22,37.21,0,0
235,107,逢甲大學,1,一般大學,臺中市西屯區,2,5505,5116,95.44,93.38,46.27,8.07,53.73,0,0
236,107,銘傳大學,1,一般大學,臺北市士林區,2,4743,4334,91.42,92.17,67.93,2.1,32.07,0,0
237,107,長庚大學,1,一般大學,桃園市龜山區,3,1982,1660,92.54,84.36,12.34,8.16,87.66,0,0
238,107,長榮大學,1,一般大學,臺南市歸仁區,4,2995,2345,89.53,78.98,65.72,1.99,34.28,0,0
239,107,開南大學,1,一般大學,桃園市蘆竹區,3,2005,1450,83.57,74.52,68.75,5.82,31.25,0,0
240,107,靜宜大學,1,一般大學,臺中市沙鹿區,3,3040,2828,92.72,93.38,60.87,32.08,39.13,0,0
241,107,馬偕學校財團法人馬偕醫學院,1,一般大學,新北市三芝區,6,185,165,94.87,89.36,9.11,3.12,90.89,0,0
242,107,高雄醫學大學,1,一般大學,高雄市三民區,2,1839,1612,90.6,88.26,21.36,1.55,78.64,0,0
243,107,中信金學校財團法人中信科技大學,1,技專校院,臺南市新市區,3,2341,1506,81.63,64.81,57.38,5.11,42.62,0,0
244,107,中國科技大學,1,技專校院,臺北市文山區,2,3365,2524,87.21,75.25,72.95,7.61,27.05,0,0
245,107,中州學校財團法人中州科技大學,1,技專校院,彰化縣員林市,4,1930,1031,80.44,53.42,59.08,3.04,40.92,0,0
246,107,中臺科技大學,1,技專校院,臺中市北屯區,3,2908,2384,90.52,82.21,69.44,1.02,30.56,0,0
247,107,中華學校財團法人中華科技大學,1,技專校院,臺北市南港區,2,2065,1455,83.92,70.72,67.73,5.54,32.27,0,0
248,107,中華醫事科技大學,1,技專校院,臺南市仁德區,3,3018,2279,91.98,77.19,72.91,10.13,27.09,0,0
249,107,亞東技術學院,1,技專校院,新北市板橋區,1,1108,1050,93.61,94.85,37.78,7.37,62.22,0,0
250,107,仁德醫護管理專科學校,1,技專校院,苗栗縣後龍鎮,6,1555,1336,94.36,85.92,66.25,10.08,33.75,0,0
251,107,修平學校財團法人修平科技大學,1,技專校院,臺中市大里區,3,1983,1501,79.47,76.47,70.27,3.01,29.73,0,0
252,107,健行學校財團法人健行科技大學,1,技專校院,桃園市中壢區,2,3394,2957,84.82,88.74,70.9,5.77,29.1,0,0
253,107,僑光科技大學,1,技專校院,臺中市西屯區,2,2650,2552,91.01,96.4,75.86,4.76,24.14,0,0
254,107,光宇學校財團法人元培醫事科技大學,1,技專校院,新竹市香山區,3,2430,1849,68.23,76.94,67.96,5.18,32.04,0,0
255,107,南亞科技學校財團法人南亞技術學院,1,技專校院,桃園市中壢區,2,1836,1166,84.05,63.51,71.04,4.12,28.96,0,0
256,107,南臺學校財團法人南臺科技大學,1,技專校院,臺南市永康區,3,5132,4338,92.94,84.94,60.48,7.48,39.52,0,0
257,107,南開科技大學,1,技專校院,南投縣草屯鎮,4,1420,1025,87.42,73.93,69.47,4.27,30.53,0,0
258,107,台北海洋學校財團法人台北海洋科技大學,1,技專校院,新北市淡水區,3,1739,1032,83.09,60.2,68.98,5.08,31.02,0,0
259,107,台南家專學校財團法人台南應用科技大學,1,技專校院,臺南市永康區,3,3471,3072,89.59,88.65,78.86,7.42,21.14,0,0
260,107,台鋼學校財團法人台鋼科技大學,1,技專校院,高雄市路竹區,5,2531,1062,59.39,47.48,60.04,3.54,39.96,0,0
261,107,吳鳳科技大學,1,技專校院,嘉義縣民雄鄉,4,2145,1569,85.01,73.24,70.37,14.47,29.63,0,0
262,107,和春技術學院,1,技專校院,高雄市旗山區,6,649,308,63.16,47.46,62.48,2.46,37.52,0,0
263,107,嘉藥學校財團法人嘉南藥理大學,1,技專校院,臺南市仁德區,3,5078,3155,88.81,62.38,63.68,2.5,36.32,0,0
264,107,城市學校財團法人臺北城市科技大學,1,技專校院,臺北市北投區,2,3420,2716,84.91,79.62,77.78,2.97,22.22,0,0
265,107,大仁科技大學,1,技專校院,屏東縣鹽埔鄉,7,2649,1896,86.24,71.8,61.83,4.33,38.17,0,0
266,107,大同技術學院,1,技專校院,嘉義市東區,4,757,553,77.32,73.81,52,0.65,48,0,0
267,107,大漢技術學院,1,技專校院,花蓮縣新城鄉,4,628,436,67.35,69.43,44.61,1.84,55.39,0,0
268,107,大華學校財團法人敏實科技大學,1,技專校院,新竹縣芎林鄉,3,482,290,71.65,60.17,36.07,8.14,63.93,0,0
269,107,宏國學校財團法人宏國德霖科技大學,1,技專校院,新北市土城區,3,2647,1843,81.57,69.63,76.32,3.94,23.68,0,0
270,107,崇仁醫護管理專科學校,1,技專校院,嘉義市東區,4,726,633,93.29,87.19,65.38,4.97,34.62,0,0
271,107,崇右學校財團法人崇右影藝科技大學,1,技專校院,基隆市信義區,4,2008,988,64.72,51.89,68.72,4.42,31.28,0,0
272,107,崑山科技大學,1,技專校院,臺南市永康區,3,3854,2653,90.62,70.14,54.01,5.59,45.99,0,0
273,107,嶺東科技大學,1,技專校院,臺中市南屯區,2,2725,2594,90.04,95.23,72.98,3.24,27.02,0,0
274,107,廣亞學校財團法人育達科技大學,1,技專校院,苗栗縣造橋鄉,6,1642,1234,81.24,78.49,64.76,4.73,35.24,0,0
275,107,建國科技大學,1,技專校院,彰化縣彰化市,4,3059,2149,89.48,71.91,69.87,9.62,30.13,0,0
276,107,弘光科技大學,1,技專校院,臺中市沙鹿區,3,3528,3293,94.31,93.53,61.93,27.32,38.07,0,0
277,107,德明財經科技大學,1,技專校院,臺北市內湖區,2,2194,1735,89.2,80.34,67.49,3.88,32.51,0,0
278,107,德育學校財團法人德育護理健康學院,1,技專校院,基隆市中山區,4,1811,1345,81.61,74.99,69.69,1.71,30.31,0,0
279,107,慈惠醫護管理專科學校,1,技專校院,屏東縣南州鄉,7,1297,890,89.66,68.62,67.65,3.11,32.35,0,0
280,107,慈濟學校財團法人慈濟科技大學,1,技專校院,花蓮縣花蓮市,4,829,756,94.75,91.31,27.01,0.87,72.99,0,0
281,107,敏惠醫護管理專科學校,1,技專校院,臺南市柳營區,6,915,795,97.22,86.89,52.92,3.66,47.08,0,0
282,107,文藻學校財團法人文藻外語大學,1,技專校院,高雄市三民區,2,2317,2127,93.74,92.1,66.25,8.91,33.75,0,0
283,107,新生醫護管理專科學校,1,技專校院,桃園市龍潭區,3,1289,1207,94.61,93.66,69.19,4.36,30.81,0,0
284,107,明志科技大學,1,技專校院,新北市泰山區,4,1211,1091,96.06,90.69,15.5,5.42,84.5,0,0
285,107,明新學校財團法人明新科技大學,1,技專校院,新竹縣新豐鄉,3,3606,2853,90.76,81.62,70.54,7.86,29.46,0,0
286,107,景文科技大學,1,技專校院,新北市新店區,2,2331,1755,84.86,76.94,67.96,13.67,32.04,0,0
287,107,朝陽科技大學,1,技專校院,臺中市霧峰區,4,3885,3499,92.55,90.59,62.55,6.17,37.45,0,0
288,107,東南科技大學,1,技專校院,新北市深坑區,4,1867,1501,77.75,81.95,71.85,3.64,28.15,0,0
289,107,東方學校財團法人東方設計大學,1,技專校院,高雄市湖內區,5,1440,849,80.14,60.34,67.07,6.13,32.93,0,0
290,107,樹人醫護管理專科學校,1,技專校院,高雄市路竹區,5,1686,1677,92.66,99.47,72.8,5.33,27.2,0,0
291,107,樹德科技大學,1,技專校院,高雄市燕巢區,6,3293,2980,89.08,90.96,65.41,4.34,34.59,0,0
292,107,正修學校財團法人正修科技大學,1,技專校院,高雄市鳥松區,2,5448,5073,83.63,93.44,63.08,4.82,36.92,0,0
293,107,環球學校財團法人環球科技大學,1,技專校院,雲林縣斗六市,4,2368,1571,78.39,67.36,68.35,6.54,31.65,0,0
294,107,美和學校財團法人美和科技大學,1,技專校院,屏東縣內埔鄉,6,3288,2290,90.06,69.66,71.83,2.6,28.17,0,0
295,107,耕莘健康管理專科學校,1,技專校院,新北市新店區,2,1135,985,94.25,86.8,56.48,2,43.52,0,0
296,107,聖母醫護管理專科學校,1,技專校院,宜蘭縣三星鄉,6,660,439,85.48,66.52,64.53,5.07,35.47,0,0
297,107,聖約翰科技大學,1,技專校院,新北市淡水區,3,1088,666,70.74,63.86,64.3,6.87,35.7,0,0
298,107,育英醫護管理專科學校,1,技專校院,高雄市三民區,2,422,382,95.17,90.54,66.25,10.2,33.75,0,0
299,107,致理學校財團法人致理科技大學,1,技專校院,新北市板橋區,1,2626,2534,94.97,96.58,71.04,13.65,28.96,0,0
300,107,臺灣觀光學院,1,技專校院,花蓮縣壽豐鄉,6,245,191,89.58,77.96,71.58,3.34,28.42,0,0
301,107,華夏學校財團法人華夏科技大學,1,技專校院,新北市中和區,1,1956,1283,63.12,66.63,70.27,7.53,29.73,0,0
302,107,萬能學校財團法人萬能科技大學,1,技專校院,桃園市中壢區,2,3702,3160,82.97,85.71,67.69,13.76,32.31,0,0
303,107,蘭陽技術學院,1,技專校院,宜蘭縣頭城鎮,4,681,434,78.26,63.73,46.85,8.72,53.15,0,0
304,107,輔英科技大學,1,技專校院,高雄市大寮區,4,2966,2701,89.14,91.24,65.01,9.47,34.99,0,0
305,107,醒吾學校財團法人醒吾科技大學,1,技專校院,新北市林口區,3,3260,2542,83.1,79.78,72.39,1.96,27.61,0,0
306,107,長庚學校財團法人長庚科技大學,1,技專校院,桃園市龜山區,3,2215,2174,97.27,98.15,26.69,6.22,73.31,0,0
307,107,馬偕學校財團法人馬偕醫護管理專科學校,1,技專校院,臺北市北投區,2,1084,1000,92.88,92.35,39.25,7.17,60.75,0,0
308,107,黎明技術學院,1,技專校院,新北市泰山區,4,1775,1257,79.93,72.17,64.54,1.85,35.46,0,0
309,107,龍華科技大學,1,技專校院,桃園市龜山區,3,2796,2618,85.59,94.39,63.34,12.62,36.66,0,0
310,108,國立中央大學,0,一般大學,桃園市中壢區,2,3721,3440,94.53,93.07,13.4,28,86.6,0,0
311,108,國立中山大學,0,一般大學,高雄市鼓山區,2,2981,2669,93.17,90.35,15.7,32.15,84.3,0,0
312,108,國立中正大學,0,一般大學,嘉義縣民雄鄉,4,3401,3100,94.06,91.59,19.68,16.91,80.32,0,0
313,108,國立中興大學,0,一般大學,臺中市南區,1,4436,4174,91.96,94.38,15.41,25.47,84.59,0,0
314,108,國立嘉義大學,0,一般大學,嘉義市東區,4,3476,3157,89.2,91.54,22.19,12.11,77.81,0,0
315,108,國立宜蘭大學,0,一般大學,宜蘭縣宜蘭市,4,1456,1339,91.87,92.25,20,12.03,80,0,0
316,108,國立屏東大學,0,一般大學,屏東縣屏東市,4,2344,2096,92.91,89.68,25.07,6.01,74.93,0,0
317,108,國立彰化師範大學,0,一般大學,彰化縣彰化市,4,2400,2295,93.66,96,25.32,26.35,74.68,0,0
318,108,國立成功大學,0,一般大學,臺南市東區,2,6346,5983,94.59,95.09,11.58,34.14,88.42,0,0
319,108,國立政治大學,0,一般大學,臺北市文山區,2,4070,3837,96.62,95,24.46,36.14,75.54,0,0
320,108,國立暨南國際大學,0,一般大學,南投縣埔里鎮,4,1606,1390,95.1,87.32,21.37,18.67,78.63,0,0
321,108,國立東華大學,0,一般大學,花蓮縣壽豐鄉,6,2629,2238,91.81,89.22,20.56,10.92,79.44,0,0
322,108,國立清華大學,0,一般大學,新竹市東區,2,4573,4348,95.76,96.43,10.94,33.6,89.06,0,0
323,108,國立聯合大學,0,一般大學,苗栗縣苗栗市,4,2112,1892,89.56,89.66,26.76,6.87,73.24,0,0
324,108,國立臺中教育大學,0,一般大學,臺中市西區,1,1358,1284,92.09,94.71,18.7,11.47,81.3,0,0
325,108,國立臺北大學,0,一般大學,新北市三峽區,3,2633,2536,91.16,96.52,27.25,8.79,72.75,0,0
326,108,國立臺北教育大學,0,一般大學,臺北市大安區,1,1608,1522,95.48,95.27,20.57,9.36,79.43,0,0
327,108,國立臺北藝術大學,0,一般大學,臺北市北投區,2,729,706,94.32,97.44,18.82,19.32,81.18,0,0
328,108,國立臺南大學,0,一般大學,臺南市中西區,2,1734,1494,91.72,86.43,20.24,13.73,79.76,0,0
329,108,國立臺南藝術大學,0,一般大學,臺南市官田區,6,420,371,90.15,88.63,15.2,4.01,84.8,0,0
330,108,國立臺東大學,0,一般大學,臺東縣臺東市,4,1422,1268,89,90.39,19.48,5.24,80.52,0,0
331,108,國立臺灣大學,0,一般大學,臺北市大安區,1,8530,8065,96.21,95.17,9.78,43.16,90.22,0,0
332,108,國立臺灣師範大學,0,一般大學,臺北市大安區,1,4122,3793,94.92,93.92,13.33,19.39,86.67,0,0
333,108,國立臺灣海洋大學,0,一般大學,基隆市中正區,4,2571,2295,92.29,90.03,18.55,17.43,81.45,0,0
334,108,國立臺灣藝術大學,0,一般大學,新北市板橋區,1,1358,1318,93.43,97.23,25.5,5.88,74.5,0,0
335,108,國立臺灣體育運動大學,0,一般大學,臺中市北區,1,781,765,88.24,98.37,20.22,4.39,79.78,0,0
336,108,國立金門大學,0,一般大學,金門縣金寧鄉,5,1096,1010,87.59,92.86,25.63,13.2,74.37,0,0
337,108,國立陽明交通大學,0,一般大學,新竹市東區,2,4215,4036,96.29,96.25,11.38,38.9,88.62,0,0
338,108,國立陽明大學,0,一般大學,臺北市北投區,2,1288,1143,91.18,89.51,9.2,26.92,90.8,0,0
339,108,國立體育大學,0,一般大學,桃園市龜山區,3,637,611,93.04,96.07,14.97,6.02,85.03,0,0
340,108,國立高雄大學,0,一般大學,高雄市楠梓區,2,1580,1480,91.69,93.99,26.36,9.3,73.64,0,0
341,108,國立高雄師範大學,0,一般大學,高雄市苓雅區,1,1971,1730,92.55,88.12,23.73,11.14,76.27,0,0
342,108,臺北市立大學,0,一般大學,臺北市中正區,1,2063,1988,91.3,96.49,19.47,#N/A,80.53,0,0
343,108,國立勤益科技大學,0,技專校院,臺中市太平區,3,3194,2999,91.37,94.18,31.96,10.27,68.04,0,0
344,108,國立屏東科技大學,0,技專校院,屏東縣內埔鄉,6,2697,2369,91.54,88.52,20.94,20.19,79.06,0,0
345,108,國立澎湖科技大學,0,技專校院,澎湖縣馬公市,4,830,698,88.44,84.23,21.33,3.33,78.67,0,0
346,108,國立臺中科技大學,0,技專校院,臺中市北區,1,5057,4833,94.23,95.62,35.45,2.96,64.55,0,0
347,108,國立臺北商業大學,0,技專校院,臺北市中正區,1,2211,2155,91,97.93,31.68,4.58,68.32,0,0
348,108,國立臺北科技大學,0,技專校院,臺北市大安區,1,3420,3278,96.73,96.38,24.89,16.24,75.11,0,0
349,108,國立臺北護理健康大學,0,技專校院,臺北市北投區,2,1494,1431,94.27,96.1,25.85,6.87,74.15,0,0
350,108,國立臺南護理專科學校,0,技專校院,臺南市中西區,2,434,401,95.52,92.41,19.13,2.35,80.87,0,0
351,108,國立臺東專科學校,0,技專校院,臺東縣臺東市,4,594,394,86.68,66.55,13.09,2.9,86.91,0,0
352,108,國立臺灣戲曲學院,0,技專校院,臺北市內湖區,2,144,142,92.36,98.64,5.5,5.36,94.5,0,0
353,108,國立臺灣科技大學,0,技專校院,臺北市大安區,1,2645,2565,95.04,97.75,17.94,25.86,82.06,0,0
354,108,國立虎尾科技大學,0,技專校院,雲林縣虎尾鎮,4,3164,2895,93.84,91.69,24.62,13.24,75.38,0,0
355,108,國立雲林科技大學,0,技專校院,雲林縣斗六市,4,2724,2446,97.1,90.28,20.49,17.72,79.51,0,0
356,108,國立高雄科技大學,0,技專校院,高雄市三民區,2,7879,7153,93.48,90.97,26.5,15.38,73.5,0,0
357,108,國立高雄餐旅大學,0,技專校院,高雄市小港區,4,1196,1070,93.62,90.33,26.56,6.77,73.44,0,0
358,108,世新大學,1,一般大學,臺北市文山區,2,2800,2634,90.91,94.5,61.92,6.97,38.08,0,0
359,108,中信學校財團法人中信金融管理學院,1,一般大學,臺南市安南區,3,239,239,83.08,100,16.56,13.43,83.44,0,0
360,108,中原大學,1,一般大學,桃園市中壢區,2,4263,4033,95.46,94.96,51.93,8.02,48.07,0,0
361,108,中國文化大學,1,一般大學,臺北市士林區,2,6645,5900,84.05,89.26,62.85,3.97,37.15,0,0
362,108,中國醫藥大學,1,一般大學,臺中市北區,1,1721,1559,95.43,91.18,17.77,3.54,82.23,0,0
363,108,中山醫學大學,1,一般大學,臺中市南區,1,1917,1745,90.61,91.26,36.71,7.47,63.29,0,0
364,108,中華大學學校財團法人中華大學,1,一般大學,新竹市香山區,3,2075,1561,70.69,77.41,49.79,7.2,50.21,0,0
365,108,亞洲大學,1,一般大學,臺中市霧峰區,4,3197,3002,89.21,94.27,51.6,3.59,48.4,0,0
366,108,佛光大學,1,一般大學,宜蘭縣礁溪鄉,4,1140,984,89.11,86.85,37.1,6.58,62.9,0,0
367,108,元智大學,1,一般大學,桃園市中壢區,2,2337,2087,94.31,90,40.53,2.05,59.47,0,0
368,108,南華大學,1,一般大學,嘉義縣大林鎮,6,1693,1610,86.48,95.43,34.18,5.41,65.82,0,0
369,108,台灣首府學校財團法人台灣首府大學,1,一般大學,臺南市麻豆區,6,494,232,69.97,52.1,65.2,4.83,34.8,0,0
370,108,大同大學,1,一般大學,臺北市中山區,1,1202,1029,89.99,85.92,52.05,2.2,47.95,0,0
371,108,大葉大學,1,一般大學,彰化縣大村鄉,8,3106,2370,81.44,76.88,65.44,0.77,34.56,0,0
372,108,實踐大學,1,一般大學,臺北市中山區,1,3626,3235,84.13,89.76,53.13,16.47,46.87,0,0
373,108,康寧學校財團法人康寧大學,1,一般大學,臺北市內湖區,2,1073,784,79.3,73.07,66.78,15.95,33.22,0,0
374,108,慈濟學校財團法人慈濟大學,1,一般大學,花蓮縣花蓮市,4,934,771,93.59,83.69,20.39,1.98,79.61,0,0
375,108,明道學校財團法人明道大學,1,一般大學,彰化縣埤頭鄉,6,1097,672,79.73,63.75,50.33,5.07,49.67,0,0
376,108,東吳大學,1,一般大學,臺北市士林區,2,3906,3707,89.15,95.17,60.18,5.55,39.82,0,0
377,108,東海大學,1,一般大學,臺中市西屯區,2,4194,3840,92.4,92.03,54.47,19.02,45.53,0,0
378,108,法鼓學校財團法人法鼓文理學院,1,一般大學,新北市金山區,6,102,72,100,80.19,7.33,5.29,92.67,0,0
379,108,淡江大學學校財團法人淡江大學,1,一般大學,新北市淡水區,3,6322,5599,88.91,89.42,61.37,9.23,38.63,0,0
380,108,玄奘大學,1,一般大學,新竹市香山區,3,984,632,72.6,65.96,55.36,1.57,44.64,0,0
381,108,真理大學,1,一般大學,新北市淡水區,3,1650,1389,82.25,84.58,73.45,1.19,26.55,0,0
382,108,稻江科技暨管理學院,1,一般大學,嘉義縣朴子市,4,824,306,65.47,37.23,75.31,3.65,24.69,0,1
383,108,義守大學,1,一般大學,高雄市大樹區,6,3747,3257,84.09,89.45,57.8,33.3,42.2,0,0
384,108,臺北醫學大學,1,一般大學,臺北市信義區,1,1378,1297,91.4,94.77,15.2,2.95,84.8,0,0
385,108,華梵大學,1,一般大學,新北市石碇區,6,449,285,80.63,64.11,40.17,7.34,59.83,0,0
386,108,輔仁大學,1,一般大學,新北市新莊區,1,6790,6230,88.58,92.19,62.66,9.43,37.34,0,0
387,108,逢甲大學,1,一般大學,臺中市西屯區,2,5498,5062,94.2,92.48,48.41,0.06,51.59,0,0
388,108,銘傳大學,1,一般大學,臺北市士林區,2,4738,4321,91.35,92.01,71.3,5.54,28.7,0,0
389,108,長庚大學,1,一般大學,桃園市龜山區,3,1922,1689,92.7,88.34,15.03,3.92,84.97,0,0
390,108,長榮大學,1,一般大學,臺南市歸仁區,4,2534,2264,76.71,89.66,64.05,12.11,35.95,0,0
391,108,開南大學,1,一般大學,桃園市蘆竹區,3,1778,1568,74.8,88.72,67.63,4.76,32.37,0,0
392,108,靜宜大學,1,一般大學,臺中市沙鹿區,3,3040,2823,91.68,93.24,60.64,6.52,39.36,0,0
393,108,馬偕學校財團法人馬偕醫學院,1,一般大學,新北市三芝區,6,198,162,94.87,81.91,12.98,6.69,87.02,0,0
394,108,高雄醫學大學,1,一般大學,高雄市三民區,2,1809,1597,91.13,88.78,19.45,29.41,80.55,0,0
395,108,中信金學校財團法人中信科技大學,1,技專校院,臺南市新市區,3,2067,1277,79.28,62.02,56.27,5.96,43.73,0,0
396,108,中國科技大學,1,技專校院,臺北市文山區,2,3062,2516,82.42,82.47,71.04,10.47,28.96,0,0
397,108,中州學校財團法人中州科技大學,1,技專校院,彰化縣員林市,4,1697,1093,61.64,65.08,53.37,4.47,46.63,0,0
398,108,中臺科技大學,1,技專校院,臺中市北屯區,3,2908,2420,85.82,83.37,71.13,5.31,28.87,0,0
399,108,中華學校財團法人中華科技大學,1,技專校院,臺北市南港區,2,1922,1392,79.5,72.64,64.08,5.33,35.92,0,0
400,108,中華醫事科技大學,1,技專校院,臺南市仁德區,3,3049,2228,87.84,73.46,71.7,5.54,28.3,0,0
401,108,亞東技術學院,1,技專校院,新北市板橋區,1,1108,1043,91.65,94.3,39.41,5.92,60.59,0,0
402,108,仁德醫護管理專科學校,1,技專校院,苗栗縣後龍鎮,6,1583,1396,88.27,88.19,66.86,1.55,33.14,0,0
403,108,修平學校財團法人修平科技大學,1,技專校院,臺中市大里區,3,1659,1400,80.78,84.8,69.58,5.34,30.42,0,0
404,108,健行學校財團法人健行科技大學,1,技專校院,桃園市中壢區,2,3388,2881,79.92,85.27,69.79,12.05,30.21,0,0
405,108,僑光科技大學,1,技專校院,臺中市西屯區,2,2650,2534,83.86,95.72,79.97,3.07,20.03,0,0
406,108,光宇學校財團法人元培醫事科技大學,1,技專校院,新竹市香山區,3,2317,1868,78.39,80.94,52.24,0.84,47.76,0,0
407,108,南亞科技學校財團法人南亞技術學院,1,技專校院,桃園市中壢區,2,1528,1083,72.05,70.88,66.18,9.68,33.82,0,0
408,108,南臺學校財團法人南臺科技大學,1,技專校院,臺南市永康區,3,4782,4258,88.87,89.44,61.65,6.83,38.35,0,0
409,108,南開科技大學,1,技專校院,南投縣草屯鎮,4,1215,826,83.7,70.8,65.6,4.28,34.4,0,0
410,108,台北海洋學校財團法人台北海洋科技大學,1,技專校院,新北市淡水區,3,1735,1117,81.02,64.62,66.26,0.78,33.74,0,0
411,108,台南家專學校財團法人台南應用科技大學,1,技專校院,臺南市永康區,3,3377,3035,83,90.11,80.19,2.94,19.81,0,0
412,108,台鋼學校財團法人台鋼科技大學,1,技專校院,高雄市路竹區,5,1518,835,69.71,60.41,61.26,5.54,38.74,0,0
413,108,吳鳳科技大學,1,技專校院,嘉義縣民雄鄉,4,2024,1506,85.54,76.22,69.24,6.84,30.76,0,0
414,108,和春技術學院,1,技專校院,高雄市旗山區,6,512,297,72.73,58.01,47.96,3.69,52.04,0,0
415,108,嘉藥學校財團法人嘉南藥理大學,1,技專校院,臺南市仁德區,3,4007,3059,80.45,76.67,62.75,1.57,37.25,0,0
416,108,城市學校財團法人臺北城市科技大學,1,技專校院,臺北市北投區,2,3345,2760,77.46,83.34,76.48,13.1,23.52,0,0
417,108,大仁科技大學,1,技專校院,屏東縣鹽埔鄉,7,2424,1740,70.95,72.47,65.04,4.52,34.96,0,0
418,108,大同技術學院,1,技專校院,嘉義市東區,4,704,324,66.6,46.1,61.63,8.11,38.37,0,0
419,108,大漢技術學院,1,技專校院,花蓮縣新城鄉,4,553,434,69.4,78.48,60.54,2.22,39.46,0,0
420,108,大華學校財團法人敏實科技大學,1,技專校院,新竹縣芎林鄉,3,251,161,33.01,64.14,20.96,6.46,79.04,0,0
421,108,宏國學校財團法人宏國德霖科技大學,1,技專校院,新北市土城區,3,2356,1546,77.24,66.68,72.44,1.41,27.56,0,0
422,108,崇仁醫護管理專科學校,1,技專校院,嘉義市東區,4,726,649,95.77,89.39,64.49,3.02,35.51,0,0
423,108,崇右學校財團法人崇右影藝科技大學,1,技專校院,基隆市信義區,4,1382,933,78.32,68.2,69.14,5.22,30.86,0,0
424,108,崑山科技大學,1,技專校院,臺南市永康區,3,3629,2504,79.03,70.29,55.21,6.02,44.79,0,0
425,108,嶺東科技大學,1,技專校院,臺中市南屯區,2,2726,2605,81.22,95.62,74.58,3.55,25.42,0,0
426,108,廣亞學校財團法人育達科技大學,1,技專校院,苗栗縣造橋鄉,6,1437,1150,77.84,80.25,64.68,5.72,35.32,0,0
427,108,建國科技大學,1,技專校院,彰化縣彰化市,4,2742,1986,80.33,72.43,73.05,29.44,26.95,0,0
428,108,弘光科技大學,1,技專校院,臺中市沙鹿區,3,3479,3224,88.99,92.81,61.72,1.44,38.28,0,0
429,108,德明財經科技大學,1,技專校院,臺北市內湖區,2,2016,1745,87.79,87.14,68.99,6.82,31.01,0,0
430,108,德育學校財團法人德育護理健康學院,1,技專校院,基隆市中山區,4,1925,1238,81.44,66.52,72.06,2.5,27.94,0,0
431,108,慈惠醫護管理專科學校,1,技專校院,屏東縣南州鄉,7,1294,785,88.17,60.66,67.52,3.97,32.48,0,0
432,108,慈濟學校財團法人慈濟科技大學,1,技專校院,花蓮縣花蓮市,4,829,749,93.08,91.34,31.8,5.77,68.2,0,0
433,108,敏惠醫護管理專科學校,1,技專校院,臺南市柳營區,6,915,777,96.01,84.92,51.43,3.42,48.57,0,0
434,108,文藻學校財團法人文藻外語大學,1,技專校院,高雄市三民區,2,2377,2174,85.57,91.81,68.05,2.52,31.95,0,0
435,108,新生醫護管理專科學校,1,技專校院,桃園市龍潭區,3,1265,1145,92.37,90.54,70.83,3.79,29.17,0,0
436,108,明志科技大學,1,技專校院,新北市泰山區,4,1155,1046,93.29,91.13,18.56,32.96,81.44,0,0
437,108,明新學校財團法人明新科技大學,1,技專校院,新竹縣新豐鄉,3,3406,2755,85.35,81.91,67.9,2.74,32.1,0,0
438,108,景文科技大學,1,技專校院,新北市新店區,2,2383,1783,74.12,76.7,68.1,2.87,31.9,0,0
439,108,朝陽科技大學,1,技專校院,臺中市霧峰區,4,3672,3364,86.42,92,61.95,3.03,38.05,0,0
440,108,東南科技大學,1,技專校院,新北市深坑區,4,1769,1315,76.87,76.04,69.83,4.92,30.17,0,0
441,108,東方學校財團法人東方設計大學,1,技專校院,高雄市湖內區,5,1105,668,81.34,60.84,64.16,9.38,35.84,0,0
442,108,樹人醫護管理專科學校,1,技專校院,高雄市路竹區,5,1702,1688,90.82,99.18,72.24,0.68,27.76,0,0
443,108,樹德科技大學,1,技專校院,高雄市燕巢區,6,3299,2861,79.97,87.12,67.04,7.4,32.96,0,0
444,108,正修學校財團法人正修科技大學,1,技專校院,高雄市鳥松區,2,5411,4751,83.47,88.43,60.55,8.18,39.45,0,0
445,108,環球學校財團法人環球科技大學,1,技專校院,雲林縣斗六市,4,2253,1333,74.33,60.41,70.04,3.17,29.96,0,0
446,108,美和學校財團法人美和科技大學,1,技專校院,屏東縣內埔鄉,6,3016,1966,83.77,65.19,72.61,3.82,27.39,0,0
447,108,耕莘健康管理專科學校,1,技專校院,新北市新店區,2,1045,874,92.86,83.64,52.34,2.11,47.66,0,0
448,108,聖母醫護管理專科學校,1,技專校院,宜蘭縣三星鄉,6,635,438,85.88,69.03,63.85,9.03,36.15,0,0
449,108,聖約翰科技大學,1,技專校院,新北市淡水區,3,1194,492,55.11,43.65,62.22,12.29,37.78,0,0
450,108,育英醫護管理專科學校,1,技專校院,高雄市三民區,2,392,365,96.42,93.11,66.12,8.28,33.88,0,0
451,108,致理學校財團法人致理科技大學,1,技專校院,新北市板橋區,1,2623,2557,89.14,97.55,71.54,2.86,28.46,0,0
452,108,臺灣觀光學院,1,技專校院,花蓮縣壽豐鄉,6,241,190,61.14,78.84,65.41,2.5,34.59,0,1
453,108,華夏學校財團法人華夏科技大學,1,技專校院,新北市中和區,1,1927,1191,70.26,62.38,63.31,2.52,36.69,0,0
454,108,萬能學校財團法人萬能科技大學,1,技專校院,桃園市中壢區,2,3796,2961,69.15,78.58,73.19,8.3,26.81,0,0
455,108,蘭陽技術學院,1,技專校院,宜蘭縣頭城鎮,4,120,97,75.63,80.83,40.88,6.5,59.12,0,0
456,108,輔英科技大學,1,技專校院,高雄市大寮區,4,3032,2765,85.95,91.38,65.86,2.58,34.14,0,0
457,108,醒吾學校財團法人醒吾科技大學,1,技專校院,新北市林口區,3,3116,1976,66.12,65.71,73.3,5.67,26.7,0,0
458,108,長庚學校財團法人長庚科技大學,1,技專校院,桃園市龜山區,3,2215,2167,96.2,97.84,30.55,2.39,69.45,0,0
459,108,馬偕學校財團法人馬偕醫護管理專科學校,1,技專校院,臺北市北投區,2,1028,936,81.34,91.05,52.4,1.82,47.6,0,0
460,108,黎明技術學院,1,技專校院,新北市泰山區,4,1713,1303,74.87,77.63,70.29,2.18,29.71,0,0
461,108,龍華科技大學,1,技專校院,桃園市龜山區,3,2826,2651,80.43,94.46,62.14,6.09,37.86,0,0
462,109,國立中央大學,0,一般大學,桃園市中壢區,2,3721,3573,94.06,96.34,14.01,29.17,85.99,0,0
463,109,國立中山大學,0,一般大學,高雄市鼓山區,2,2981,2743,94.72,92.54,16.08,36.73,83.92,0,0
464,109,國立中正大學,0,一般大學,嘉義縣民雄鄉,4,3403,3148,92.54,92.7,20.79,18.68,79.21,0,0
465,109,國立中興大學,0,一般大學,臺中市南區,1,4439,4200,93.3,94.83,15.45,26.11,84.55,0,0
466,109,國立嘉義大學,0,一般大學,嘉義市東區,4,3456,3105,89.07,90.67,21.58,13.19,78.42,0,0
467,109,國立宜蘭大學,0,一般大學,宜蘭縣宜蘭市,4,1456,1391,92.5,95.97,21.18,12.42,78.82,0,0
468,109,國立屏東大學,0,一般大學,屏東縣屏東市,4,2311,2176,93.31,94.31,25.23,6.62,74.77,0,0
469,109,國立彰化師範大學,0,一般大學,彰化縣彰化市,4,2400,2278,93.12,95.21,25.5,27.55,74.5,0,0
470,109,國立成功大學,0,一般大學,臺南市東區,2,6362,6153,94.41,97.3,11.48,35.66,88.52,0,0
471,109,國立政治大學,0,一般大學,臺北市文山區,2,4045,3879,96.48,96.44,24.77,36.5,75.23,0,0
472,109,國立暨南國際大學,0,一般大學,南投縣埔里鎮,4,1568,1402,92.44,90.24,20.82,21.65,79.18,0,0
473,109,國立東華大學,0,一般大學,花蓮縣壽豐鄉,6,2617,2324,93.69,92.31,20.43,11.64,79.57,0,0
474,109,國立清華大學,0,一般大學,新竹市東區,2,4578,4486,96.39,99.04,11.42,34.89,88.58,0,0
475,109,國立聯合大學,0,一般大學,苗栗縣苗栗市,4,2112,1887,89.9,89.51,26.72,7.76,73.28,0,0
476,109,國立臺中教育大學,0,一般大學,臺中市西區,1,1358,1284,94.29,94.69,18.49,11.14,81.51,0,0
477,109,國立臺北大學,0,一般大學,新北市三峽區,3,2633,2569,90.32,97.67,27.71,10.17,72.29,0,0
478,109,國立臺北教育大學,0,一般大學,臺北市大安區,1,1607,1523,95.8,95.37,21.67,8.93,78.33,0,0
479,109,國立臺北藝術大學,0,一般大學,臺北市北投區,2,729,704,94.77,97.01,20.47,18.9,79.53,0,0
480,109,國立臺南大學,0,一般大學,臺南市中西區,2,1733,1585,91.81,91.88,21.48,13.72,78.52,0,0
481,109,國立臺南藝術大學,0,一般大學,臺南市官田區,6,418,388,92.48,93.17,15.86,3.48,84.14,0,0
482,109,國立臺東大學,0,一般大學,臺東縣臺東市,4,1459,1316,86.89,92.68,19.74,5.33,80.26,0,0
483,109,國立臺灣大學,0,一般大學,臺北市大安區,1,8538,8210,95.76,96.6,10.2,44.81,89.8,0,0
484,109,國立臺灣師範大學,0,一般大學,臺北市大安區,1,4180,3831,95.19,93.63,13.43,25.13,86.57,0,0
485,109,國立臺灣海洋大學,0,一般大學,基隆市中正區,4,2631,2338,89.98,89.49,17.58,26.17,82.42,0,0
486,109,國立臺灣藝術大學,0,一般大學,新北市板橋區,1,1358,1303,92.79,96.19,24.87,5.75,75.13,0,0
487,109,國立臺灣體育運動大學,0,一般大學,臺中市北區,1,779,767,86.17,98.52,21.62,4.04,78.38,0,0
488,109,國立金門大學,0,一般大學,金門縣金寧鄉,5,1096,940,79.04,86.5,22.7,12.79,77.3,0,0
489,109,國立陽明交通大學,0,一般大學,新竹市東區,2,4219,4132,94.36,98.32,11.15,36.05,88.85,0,0
490,109,國立體育大學,0,一般大學,桃園市龜山區,3,637,596,90.77,93.75,15.83,8.63,84.17,0,0
491,109,國立高雄大學,0,一般大學,高雄市楠梓區,2,1580,1460,89.62,92.81,25.28,10.73,74.72,0,0
492,109,國立高雄師範大學,0,一般大學,高雄市苓雅區,1,1984,1768,93.33,89.36,23.97,11.19,76.03,0,0
493,109,臺北市立大學,0,一般大學,臺北市中正區,1,2043,1988,91.95,97.37,20.81,#N/A,79.19,0,0
494,109,國立勤益科技大學,0,技專校院,臺中市太平區,3,3189,2980,91.91,93.64,32.31,9.61,67.69,0,0
495,109,國立屏東科技大學,0,技專校院,屏東縣內埔鄉,6,2676,2387,90.72,89.76,20.29,20.03,79.71,0,0
496,109,國立澎湖科技大學,0,技專校院,澎湖縣馬公市,4,832,725,86.06,87.28,20.64,3.09,79.36,0,0
497,109,國立臺中科技大學,0,技專校院,臺中市北區,1,5062,4909,93.85,97.01,35.97,3.3,64.03,0,0
498,109,國立臺北商業大學,0,技專校院,臺北市中正區,1,2092,2093,92.35,100,31.98,3.6,68.02,0,0
499,109,國立臺北科技大學,0,技專校院,臺北市大安區,1,3458,3441,97.16,99.62,26.37,15.7,73.63,0,0
500,109,國立臺北護理健康大學,0,技專校院,臺北市北投區,2,1505,1450,94.97,96.65,25.85,10.18,74.15,0,0
501,109,國立臺南護理專科學校,0,技專校院,臺南市中西區,2,425,408,96.17,96.01,17.68,1.96,82.32,0,0
502,109,國立臺東專科學校,0,技專校院,臺東縣臺東市,4,556,398,87.14,71.97,12.68,2.85,87.32,0,0
503,109,國立臺灣戲曲學院,0,技專校院,臺北市內湖區,2,144,141,88.65,97.92,4.58,4.45,95.42,0,0
504,109,國立臺灣科技大學,0,技專校院,臺北市大安區,1,2645,2600,96.1,98.85,17.79,28.85,82.21,0,0
505,109,國立虎尾科技大學,0,技專校院,雲林縣虎尾鎮,4,3164,2830,92.28,89.63,26.04,13.46,73.96,0,0
506,109,國立雲林科技大學,0,技專校院,雲林縣斗六市,4,2755,2490,96.41,90.74,19.63,18.61,80.37,0,0
507,109,國立高雄科技大學,0,技專校院,高雄市三民區,2,7948,7093,93.08,89.54,25.82,16.36,74.18,0,0
508,109,國立高雄餐旅大學,0,技專校院,高雄市小港區,4,1219,1056,96.07,87.83,28.16,6.26,71.84,0,0
509,109,世新大學,1,一般大學,臺北市文山區,2,2800,2590,90.82,92.95,58.2,4.32,41.8,0,0
510,109,中信學校財團法人中信金融管理學院,1,一般大學,臺南市安南區,3,340,320,82.23,94.2,20.07,3.86,79.93,0,0
511,109,中原大學,1,一般大學,桃園市中壢區,2,4215,4072,95.34,96.82,54,4.44,46,0,0
512,109,中國文化大學,1,一般大學,臺北市士林區,2,6590,5758,84.13,87.78,63.42,4.18,36.58,0,0
513,109,中國醫藥大學,1,一般大學,臺中市北區,1,1721,1599,95.48,93.31,16.36,7.22,83.64,0,0
514,109,中山醫學大學,1,一般大學,臺中市南區,1,1916,1735,91.77,90.84,35.71,7.35,64.29,0,0
515,109,中華大學學校財團法人中華大學,1,一般大學,新竹市香山區,3,2058,1383,69.05,69.64,51.45,7.95,48.55,0,0
516,109,亞洲大學,1,一般大學,臺中市霧峰區,4,3197,2893,86.91,90.86,50.55,5.53,49.45,0,0
517,109,佛光大學,1,一般大學,宜蘭縣礁溪鄉,4,1115,941,85.01,84.87,36.7,11.02,63.3,0,0
518,109,元智大學,1,一般大學,桃園市中壢區,2,2332,2172,93.55,93.43,39.84,6.48,60.16,0,0
519,109,南華大學,1,一般大學,嘉義縣大林鎮,6,1618,1570,85.57,97.23,42.03,34.16,57.97,0,0
520,109,台灣首府學校財團法人台灣首府大學,1,一般大學,臺南市麻豆區,6,357,156,78.4,44.57,65.84,5.39,34.16,0,0
521,109,大同大學,1,一般大學,臺北市中山區,1,1176,1000,90.96,85.32,51.33,5.82,48.67,0,0
522,109,大葉大學,1,一般大學,彰化縣大村鄉,8,2680,2017,76.53,75.64,63.75,2.31,36.25,0,0
523,109,實踐大學,1,一般大學,臺北市中山區,1,3521,3174,83.62,90.66,62.04,4.92,37.96,0,0
524,109,康寧學校財團法人康寧大學,1,一般大學,臺北市內湖區,2,892,840,89.35,94.18,77.67,4.77,22.33,0,0
525,109,慈濟學校財團法人慈濟大學,1,一般大學,花蓮縣花蓮市,4,934,806,91.23,86.94,20.84,1,79.16,0,0
526,109,明道學校財團法人明道大學,1,一般大學,彰化縣埤頭鄉,6,806,394,67.94,52.15,48.98,14.68,51.02,0,0
527,109,東吳大學,1,一般大學,臺北市士林區,2,3906,3674,90.31,94.23,61.57,9.14,38.43,0,0
528,109,東海大學,1,一般大學,臺中市西屯區,2,4192,3875,92.2,92.98,51.09,2.1,48.91,0,0
529,109,法鼓學校財團法人法鼓文理學院,1,一般大學,新北市金山區,6,102,67,66.67,68.27,7.51,9.65,92.49,0,0
530,109,淡江大學學校財團法人淡江大學,1,一般大學,新北市淡水區,3,6153,5703,91.14,93.19,63.47,5.44,36.53,0,0
531,109,玄奘大學,1,一般大學,新竹市香山區,3,674,530,79.82,80.75,52.19,11.15,47.81,0,0
532,109,真理大學,1,一般大學,新北市淡水區,3,1649,1375,81.6,83.92,71.06,8.11,28.94,0,0
533,109,義守大學,1,一般大學,高雄市大樹區,6,3655,3057,81.44,86.49,57.35,4.39,42.65,0,0
534,109,臺北醫學大學,1,一般大學,臺北市信義區,1,1382,1323,91.55,96.22,13.28,2.14,86.72,0,0
535,109,華梵大學,1,一般大學,新北市石碇區,6,449,327,73.91,73.76,30.21,0.07,69.79,0,0
536,109,輔仁大學,1,一般大學,新北市新莊區,1,6790,6206,88.48,91.78,62.55,2.94,37.45,0,0
537,109,逢甲大學,1,一般大學,臺中市西屯區,2,5498,5277,95.09,96.21,48.15,16.08,51.85,0,0
538,109,銘傳大學,1,一般大學,臺北市士林區,2,4657,4338,91.7,93.73,69.31,1.74,30.69,0,0
539,109,長庚大學,1,一般大學,桃園市龜山區,3,1868,1713,91.27,92.03,16.86,5.19,83.14,0,0
540,109,長榮大學,1,一般大學,臺南市歸仁區,4,2509,2058,79.48,82.77,61.62,3.06,38.38,0,0
541,109,開南大學,1,一般大學,桃園市蘆竹區,3,1678,1487,72.3,89.31,64.94,4.51,35.06,0,0
542,109,靜宜大學,1,一般大學,臺中市沙鹿區,3,3040,2885,89.84,95.18,60.18,11.1,39.82,0,0
543,109,馬偕學校財團法人馬偕醫學院,1,一般大學,新北市三芝區,6,268,249,95.24,92.94,13.4,6.66,86.6,0,0
544,109,高雄醫學大學,1,一般大學,高雄市三民區,2,1809,1641,91.66,91.1,18.73,6.89,81.27,0,0
545,109,中信金學校財團法人中信科技大學,1,技專校院,臺南市新市區,3,1951,1023,81.56,52.65,54.68,11.42,45.32,0,0
546,109,中國科技大學,1,技專校院,臺北市文山區,2,2921,2072,81.67,71.28,69.75,30.92,30.25,0,0
547,109,中州學校財團法人中州科技大學,1,技專校院,彰化縣員林市,4,1310,800,58.01,61.12,52.91,3.33,47.09,0,0
548,109,中臺科技大學,1,技專校院,臺中市北屯區,3,2874,2180,86.9,75.89,67.93,32.64,32.07,0,0
549,109,中華學校財團法人中華科技大學,1,技專校院,臺北市南港區,2,1887,1130,76.52,60.34,62.63,3.2,37.37,0,0
550,109,中華醫事科技大學,1,技專校院,臺南市仁德區,3,3011,2323,86.75,77.17,69.38,5.13,30.62,0,0
551,109,亞東技術學院,1,技專校院,新北市板橋區,1,1108,951,92.6,86.01,40.69,7.08,59.31,0,0
552,109,仁德醫護管理專科學校,1,技專校院,苗栗縣後龍鎮,6,1553,1509,85.78,97.17,65.55,7.08,34.45,0,0
553,109,修平學校財團法人修平科技大學,1,技專校院,臺中市大里區,3,1656,1327,73.69,80.6,67.36,6.68,32.64,0,0
554,109,健行學校財團法人健行科技大學,1,技專校院,桃園市中壢區,2,3382,2637,80.86,78.33,70.57,6.82,29.43,0,0
555,109,僑光科技大學,1,技專校院,臺中市西屯區,2,2559,2320,82.1,90.75,78.63,5.92,21.37,0,0
556,109,光宇學校財團法人元培醫事科技大學,1,技專校院,新竹市香山區,3,2138,1696,80.86,79.56,69.04,4.86,30.96,0,0
557,109,南亞科技學校財團法人南亞技術學院,1,技專校院,桃園市中壢區,2,1436,913,73.54,63.58,60.03,6.98,39.97,0,0
558,109,南臺學校財團法人南臺科技大學,1,技專校院,臺南市永康區,3,4794,3756,88.84,78.75,62.94,16.6,37.06,0,0
559,109,南開科技大學,1,技專校院,南投縣草屯鎮,4,1116,784,78.93,70.44,66.41,0.95,33.59,0,0
560,109,台北海洋學校財團法人台北海洋科技大學,1,技專校院,新北市淡水區,3,1684,981,81.42,59.46,65.8,5.63,34.2,0,0
561,109,台南家專學校財團法人台南應用科技大學,1,技專校院,臺南市永康區,3,3157,2665,84.88,84.87,79.88,3.69,20.12,0,0
562,109,台鋼學校財團法人台鋼科技大學,1,技專校院,高雄市路竹區,5,1466,816,67.47,60.41,57.06,12.95,42.94,0,0
563,109,吳鳳科技大學,1,技專校院,嘉義縣民雄鄉,4,2024,1243,80.98,63.91,66.95,5.17,33.05,0,0
564,109,和春技術學院,1,技專校院,高雄市旗山區,6,258,166,79.56,64.34,39.55,1.26,60.45,0,1
565,109,嘉藥學校財團法人嘉南藥理大學,1,技專校院,臺南市仁德區,3,3272,2555,81.44,78.31,62.65,27.12,37.35,0,0
566,109,城市學校財團法人臺北城市科技大學,1,技專校院,臺北市北投區,2,2917,2303,77.21,79.67,75.43,6.58,24.57,0,0
567,109,大仁科技大學,1,技專校院,屏東縣鹽埔鄉,7,2201,1443,78.79,66.78,61.36,7.31,38.64,0,0
568,109,大同技術學院,1,技專校院,嘉義市東區,4,623,280,73.7,44.94,58.2,3.85,41.8,0,0
569,109,大漢技術學院,1,技專校院,花蓮縣新城鄉,4,451,396,66.33,87.8,52.96,14.7,47.04,0,0
570,109,大華學校財團法人敏實科技大學,1,技專校院,新竹縣芎林鄉,3,172,118,77.91,68.6,28.11,3.83,71.89,0,0
571,109,宏國學校財團法人宏國德霖科技大學,1,技專校院,新北市土城區,3,2178,1399,80.25,64.51,70.58,4.66,29.42,0,0
572,109,崇仁醫護管理專科學校,1,技專校院,嘉義市東區,4,726,633,96.84,87.23,67.75,1.31,32.25,0,0
573,109,崇右學校財團法人崇右影藝科技大學,1,技專校院,基隆市信義區,4,1040,797,76.7,77.18,72.05,2.62,27.95,0,0
574,109,崑山科技大學,1,技專校院,臺南市永康區,3,3342,2073,81.16,63.62,50.96,4.46,49.04,0,0
575,109,嶺東科技大學,1,技專校院,臺中市南屯區,2,2732,2494,84.35,91.35,74.11,1.17,25.89,0,0
576,109,廣亞學校財團法人育達科技大學,1,技專校院,苗栗縣造橋鄉,6,1531,1145,79.36,75.28,64.4,3.77,35.6,0,0
577,109,建國科技大學,1,技專校院,彰化縣彰化市,4,2244,1247,78.92,55.57,76.87,1.12,23.13,0,0
578,109,弘光科技大學,1,技專校院,臺中市沙鹿區,3,3448,3203,89.47,93.05,62.62,4.31,37.38,0,0
579,109,德明財經科技大學,1,技專校院,臺北市內湖區,2,1958,1378,88.28,71.51,66.64,3.33,33.36,0,0
580,109,德育學校財團法人德育護理健康學院,1,技專校院,基隆市中山區,4,1868,1145,77.01,61.3,72.75,1.83,27.25,0,0
581,109,慈惠醫護管理專科學校,1,技專校院,屏東縣南州鄉,7,1186,692,86.46,58.35,63.89,2.49,36.11,0,0
582,109,慈濟學校財團法人慈濟科技大學,1,技專校院,花蓮縣花蓮市,4,829,755,92.42,91.51,28.52,2.48,71.48,0,0
583,109,敏惠醫護管理專科學校,1,技專校院,臺南市柳營區,6,915,838,94.25,91.58,50.37,3.3,49.63,0,0
584,109,文藻學校財團法人文藻外語大學,1,技專校院,高雄市三民區,2,2315,1878,84.54,81.97,63.61,5.18,36.39,0,0
585,109,新生醫護管理專科學校,1,技專校院,桃園市龍潭區,3,1269,1242,94.32,97.87,71.63,2.01,28.37,0,0
586,109,明志科技大學,1,技專校院,新北市泰山區,4,1034,955,93.68,93.24,23.97,4.76,76.03,0,0
587,109,明新學校財團法人明新科技大學,1,技專校院,新竹縣新豐鄉,3,3297,2328,85.96,70.95,66.87,6.75,33.13,0,0
588,109,景文科技大學,1,技專校院,新北市新店區,2,2144,1310,75.28,62.6,68.47,3.2,31.53,0,0
589,109,朝陽科技大學,1,技專校院,臺中市霧峰區,4,3489,3094,86.47,89.07,60.69,1,39.31,0,0
590,109,東南科技大學,1,技專校院,新北市深坑區,4,1687,950,76.52,60.27,70.24,5.72,29.76,0,0
591,109,東方學校財團法人東方設計大學,1,技專校院,高雄市湖內區,5,988,469,71,47.84,50.23,2.25,49.77,0,0
592,109,樹人醫護管理專科學校,1,技專校院,高雄市路竹區,5,1702,1682,91.04,98.82,71.17,1.3,28.83,0,0
593,109,樹德科技大學,1,技專校院,高雄市燕巢區,6,3280,2304,78.4,71.47,63.61,5.17,36.39,0,0
594,109,正修學校財團法人正修科技大學,1,技專校院,高雄市鳥松區,2,5414,4432,82.54,82.49,58.84,2.05,41.16,0,0
595,109,環球學校財團法人環球科技大學,1,技專校院,雲林縣斗六市,4,1491,884,68.9,59.67,67.3,3.74,32.7,0,0
596,109,美和學校財團法人美和科技大學,1,技專校院,屏東縣內埔鄉,6,2670,1682,86.79,63,70.09,7.41,29.91,0,0
597,109,耕莘健康管理專科學校,1,技專校院,新北市新店區,2,930,857,94.56,92.17,52.57,7.76,47.43,0,0
598,109,聖母醫護管理專科學校,1,技專校院,宜蘭縣三星鄉,6,518,374,89.17,72.2,62.04,4.25,37.96,0,0
599,109,聖約翰科技大學,1,技專校院,新北市淡水區,3,856,322,78.09,40.05,63.26,7.33,36.74,0,0
600,109,育英醫護管理專科學校,1,技專校院,高雄市三民區,2,376,376,94.58,100,70.46,6.66,29.54,0,0
601,109,致理學校財團法人致理科技大學,1,技專校院,新北市板橋區,1,2620,2559,89.09,97.81,72.61,15.17,27.39,0,0
602,109,華夏學校財團法人華夏科技大學,1,技專校院,新北市中和區,1,1717,1199,78.42,70.11,68.4,4.89,31.6,0,0
603,109,萬能學校財團法人萬能科技大學,1,技專校院,桃園市中壢區,2,3363,2192,72.02,66.72,72.49,2.76,27.51,0,0
604,109,蘭陽技術學院,1,技專校院,宜蘭縣頭城鎮,4,118,109,76.6,92.37,31.16,0.83,68.84,0,1
605,109,輔英科技大學,1,技專校院,高雄市大寮區,4,3090,2802,85.52,90.83,64.18,3.07,35.82,0,0
606,109,醒吾學校財團法人醒吾科技大學,1,技專校院,新北市林口區,3,2618,1889,75.86,73.32,71.7,5.47,28.3,0,0
607,109,長庚學校財團法人長庚科技大學,1,技專校院,桃園市龜山區,3,2215,2184,94.58,98.61,38.75,3.5,61.25,0,0
608,109,馬偕學校財團法人馬偕醫護管理專科學校,1,技專校院,臺北市北投區,2,978,935,87.08,95.61,47.09,4.57,52.91,0,0
609,109,黎明技術學院,1,技專校院,新北市泰山區,4,1640,1150,69.21,72.43,66.64,13.15,33.36,0,0
610,109,龍華科技大學,1,技專校院,桃園市龜山區,3,2826,2608,83.42,93.09,65.15,5.44,34.85,0,0
611,110,國立中央大學,0,一般大學,桃園市中壢區,2,3721,3790,94.03,100,13.58,30.03,86.42,0,0
612,110,國立中山大學,0,一般大學,高雄市鼓山區,2,2987,2879,93.9,96.81,16.17,38.12,83.83,0,0
613,110,國立中正大學,0,一般大學,嘉義縣民雄鄉,4,3403,3234,93.32,95.15,21.15,19.54,78.85,0,0
614,110,國立中興大學,0,一般大學,臺中市南區,1,4439,4380,91.64,98.74,15.33,26.78,84.67,0,0
615,110,國立嘉義大學,0,一般大學,嘉義市東區,4,3446,3217,91.02,93.76,22.08,14.48,77.92,0,0
616,110,國立宜蘭大學,0,一般大學,宜蘭縣宜蘭市,4,1456,1412,90.33,97.26,21.58,12.39,78.42,0,0
617,110,國立屏東大學,0,一般大學,屏東縣屏東市,4,2314,2179,94.22,94.44,25.49,6.91,74.51,0,0
618,110,國立彰化師範大學,0,一般大學,彰化縣彰化市,4,2399,2309,95.16,96.42,25.93,28.58,74.07,0,0
619,110,國立成功大學,0,一般大學,臺南市東區,2,6367,6408,93.62,100,11.56,36.35,88.44,0,0
620,110,國立政治大學,0,一般大學,臺北市文山區,2,4064,3902,94.46,96.53,24.36,37.4,75.64,0,0
621,110,國立暨南國際大學,0,一般大學,南投縣埔里鎮,4,1568,1475,94.47,94.66,19.76,24.26,80.24,0,0
622,110,國立東華大學,0,一般大學,花蓮縣壽豐鄉,6,2613,2357,93.73,93.88,20.67,11.86,79.33,0,0
623,110,國立清華大學,0,一般大學,新竹市東區,2,4577,4717,95.67,100,11.67,39.32,88.33,0,0
624,110,國立聯合大學,0,一般大學,苗栗縣苗栗市,4,2111,1962,91.04,93.1,26.84,7.86,73.16,0,0
625,110,國立臺中教育大學,0,一般大學,臺中市西區,1,1358,1319,93.3,97.25,18.91,12.33,81.09,0,0
626,110,國立臺北大學,0,一般大學,新北市三峽區,3,2633,2556,90.75,97.23,24.36,10.36,75.64,0,0
627,110,國立臺北教育大學,0,一般大學,臺北市大安區,1,1607,1563,95.3,97.62,21.93,9.98,78.07,0,0
628,110,國立臺北藝術大學,0,一般大學,臺北市北投區,2,752,731,94.41,97.54,18.98,18.55,81.02,0,0
629,110,國立臺南大學,0,一般大學,臺南市中西區,2,1733,1562,92.64,90.41,22.76,15.14,77.24,0,0
630,110,國立臺南藝術大學,0,一般大學,臺南市官田區,6,417,401,86.76,96.36,17.36,3.59,82.64,0,0
631,110,國立臺東大學,0,一般大學,臺東縣臺東市,4,1457,1344,89.32,93.59,19.69,5.22,80.31,0,0
632,110,國立臺灣大學,0,一般大學,臺北市大安區,1,8536,8545,95.54,100,10.7,37.98,89.3,0,0
633,110,國立臺灣師範大學,0,一般大學,臺北市大安區,1,4131,3921,95.08,96.51,14.26,30.4,85.74,0,0
634,110,國立臺灣海洋大學,0,一般大學,基隆市中正區,4,2628,2365,93.34,90.69,17.19,26.31,82.81,0,0
635,110,國立臺灣藝術大學,0,一般大學,新北市板橋區,1,1358,1327,94.74,97.84,25.46,5.83,74.54,0,0
636,110,國立臺灣體育運動大學,0,一般大學,臺中市北區,1,779,755,88.46,97.03,22.51,3.34,77.49,0,0
637,110,國立金門大學,0,一般大學,金門縣金寧鄉,5,1094,1005,88.08,92.29,24.1,15.94,75.9,0,0
638,110,國立陽明交通大學,0,一般大學,新竹市東區,2,5501,5539,94.83,100,11.38,36.83,88.62,0,0
639,110,國立體育大學,0,一般大學,桃園市龜山區,3,637,617,89.74,97,17.67,12.07,82.33,0,0
640,110,國立高雄大學,0,一般大學,高雄市楠梓區,2,1580,1517,90.93,96.25,26.21,11.93,73.79,0,0
641,110,國立高雄師範大學,0,一般大學,高雄市苓雅區,1,1971,1880,91.55,95.48,25.48,12.12,74.52,0,0
642,110,臺北市立大學,0,一般大學,臺北市中正區,1,2063,2001,91.82,97.07,19.82,#N/A,80.18,0,0
643,110,國立勤益科技大學,0,技專校院,臺中市太平區,3,3188,3073,89.16,96.71,34.25,12.07,65.75,0,0
644,110,國立屏東科技大學,0,技專校院,屏東縣內埔鄉,6,2652,2387,91.87,90.59,20.7,21.24,79.3,0,0
645,110,國立澎湖科技大學,0,技專校院,澎湖縣馬公市,4,832,649,86.88,78.06,20.95,2.72,79.05,0,0
646,110,國立臺中科技大學,0,技專校院,臺中市北區,1,5017,4779,89.6,95.36,35.17,3.27,64.83,0,0
647,110,國立臺北商業大學,0,技專校院,臺北市中正區,1,2080,2022,92.28,97.34,32.32,3.68,67.68,0,0
648,110,國立臺北科技大學,0,技專校院,臺北市大安區,1,3324,3391,96.14,100,25.78,15.66,74.22,0,0
649,110,國立臺北護理健康大學,0,技專校院,臺北市北投區,2,1508,1439,95.99,95.72,25.87,11.92,74.13,0,0
650,110,國立臺南護理專科學校,0,技專校院,臺南市中西區,2,426,387,98.38,90.89,17.84,1.74,82.16,0,0
651,110,國立臺東專科學校,0,技專校院,臺東縣臺東市,4,586,355,90.02,60.79,11.56,2.99,88.44,0,0
652,110,國立臺灣戲曲學院,0,技專校院,臺北市內湖區,2,144,132,90.65,91.78,4.57,4.67,95.43,0,0
653,110,國立臺灣科技大學,0,技專校院,臺北市大安區,1,2645,2721,96.62,100,17.09,28.94,82.91,0,0
654,110,國立虎尾科技大學,0,技專校院,雲林縣虎尾鎮,4,3164,3018,91.21,95.44,26.64,14.95,73.36,0,0
655,110,國立雲林科技大學,0,技專校院,雲林縣斗六市,4,2755,2536,95.81,92.41,19.66,18.07,80.34,0,0
656,110,國立高雄科技大學,0,技專校院,高雄市三民區,2,7905,7226,93.42,91.76,24.48,19.24,75.52,0,0
657,110,國立高雄餐旅大學,0,技專校院,高雄市小港區,4,1212,1069,97.19,89.09,28.84,6.65,71.16,0,0
658,110,世新大學,1,一般大學,臺北市文山區,2,2862,2793,91.85,97.72,60.66,5.22,39.34,0,0
659,110,中信學校財團法人中信金融管理學院,1,一般大學,臺南市安南區,3,340,340,81.5,100,20.47,2.67,79.53,0,0
660,110,中原大學,1,一般大學,桃園市中壢區,2,4215,4177,95.83,99.15,53.22,7.02,46.78,0,0
661,110,中國文化大學,1,一般大學,臺北市士林區,2,6441,5506,85.49,85.83,61.71,2.79,38.29,0,0
662,110,中國醫藥大學,1,一般大學,臺中市北區,1,1721,1583,95.05,92.57,13.75,1.51,86.25,0,0
663,110,中山醫學大學,1,一般大學,臺中市南區,1,1916,1817,92.13,94.97,30.81,7.86,69.19,0,0
664,110,中華大學學校財團法人中華大學,1,一般大學,新竹市香山區,3,1866,1363,81.99,76.27,50.21,5.37,49.79,0,0
665,110,亞洲大學,1,一般大學,臺中市霧峰區,4,3197,2909,90.14,91.34,47.33,1.04,52.67,0,0
666,110,佛光大學,1,一般大學,宜蘭縣礁溪鄉,4,1110,869,86.49,78.85,30.13,13.03,69.87,0,0
667,110,元智大學,1,一般大學,桃園市中壢區,2,2332,2268,94.3,97.45,43.23,3.94,56.77,0,0
668,110,南華大學,1,一般大學,嘉義縣大林鎮,6,1618,1562,85.9,96.55,43.24,5.92,56.76,0,0
669,110,台灣首府學校財團法人台灣首府大學,1,一般大學,臺南市麻豆區,6,271,98,79.55,38.18,53.3,15.02,46.7,0,1
670,110,大同大學,1,一般大學,臺北市中山區,1,1151,1033,89.57,90.06,30.54,1.7,69.46,0,0
671,110,大葉大學,1,一般大學,彰化縣大村鄉,8,2278,1581,83.53,69.91,62.13,4.15,37.87,0,0
672,110,實踐大學,1,一般大學,臺北市中山區,1,3413,2782,85.51,82.53,61.46,8.16,38.54,0,0
673,110,康寧學校財團法人康寧大學,1,一般大學,臺北市內湖區,2,892,753,90.48,84.42,48.71,3.22,51.29,0,0
674,110,慈濟學校財團法人慈濟大學,1,一般大學,花蓮縣花蓮市,4,931,741,90.22,80.79,21.91,7.64,78.09,0,0
675,110,明道學校財團法人明道大學,1,一般大學,彰化縣埤頭鄉,6,649,270,82.57,43.77,52.08,10.34,47.92,0,0
676,110,東吳大學,1,一般大學,臺北市士林區,2,3906,3653,91.49,93.76,62.53,2.42,37.47,0,0
677,110,東海大學,1,一般大學,臺中市西屯區,2,4171,3905,92.54,94.08,57.18,0.62,42.82,0,0
678,110,法鼓學校財團法人法鼓文理學院,1,一般大學,新北市金山區,6,102,68,83.33,77.98,7.32,14.68,92.68,0,0
679,110,淡江大學學校財團法人淡江大學,1,一般大學,新北市淡水區,3,6069,5693,92.77,94.29,61.27,9.47,38.73,0,0
680,110,玄奘大學,1,一般大學,新竹市香山區,3,624,437,84.2,72.34,43.59,2.1,56.41,0,0
681,110,真理大學,1,一般大學,新北市淡水區,3,1639,1043,84.94,65.08,69.19,7.2,30.81,0,0
682,110,義守大學,1,一般大學,高雄市大樹區,6,3655,2965,84.46,83.9,56.39,9.54,43.61,0,0
683,110,臺北醫學大學,1,一般大學,臺北市信義區,1,1382,1345,93.32,97.64,12.35,33.12,87.65,0,0
684,110,華梵大學,1,一般大學,新北市石碇區,6,449,329,69.88,74.03,21.23,14.64,78.77,0,0
685,110,輔仁大學,1,一般大學,新北市新莊區,1,6790,6386,88.52,94.43,57.35,3.19,42.65,0,0
686,110,逢甲大學,1,一般大學,臺中市西屯區,2,5497,5484,94.67,99.79,53.61,1.86,46.39,0,0
687,110,銘傳大學,1,一般大學,臺北市士林區,2,4633,4364,92.2,94.74,67.97,5.02,32.03,0,0
688,110,長庚大學,1,一般大學,桃園市龜山區,3,1868,1765,91.57,94.73,11.86,8.01,88.14,0,0
689,110,長榮大學,1,一般大學,臺南市歸仁區,4,2442,1721,81.36,71.22,60.63,26.13,39.37,0,0
690,110,開南大學,1,一般大學,桃園市蘆竹區,3,1677,1257,75.13,76.1,64.9,5.05,35.1,0,0
691,110,靜宜大學,1,一般大學,臺中市沙鹿區,3,3043,2861,92.27,94.35,59.67,3.08,40.33,0,0
692,110,馬偕學校財團法人馬偕醫學院,1,一般大學,新北市三芝區,6,268,233,94.76,87.18,13.86,4.27,86.14,0,0
693,110,高雄醫學大學,1,一般大學,高雄市三民區,2,1813,1666,92.79,92.18,16.58,0.06,83.42,0,0
694,110,中信金學校財團法人中信科技大學,1,技專校院,臺南市新市區,3,1374,677,78.06,50.14,54.8,7.82,45.2,0,0
695,110,中國科技大學,1,技專校院,臺北市文山區,2,2827,2031,79.54,72.58,70.82,2.68,29.18,0,0
696,110,中州學校財團法人中州科技大學,1,技專校院,彰化縣員林市,4,739,467,79.9,63.45,52.66,1.08,47.34,0,1
697,110,中臺科技大學,1,技專校院,臺中市北屯區,3,2805,2151,82.29,76.72,69.17,11.49,30.83,0,0
698,110,中華學校財團法人中華科技大學,1,技專校院,臺北市南港區,2,1818,1004,76.2,57.18,59.38,11.21,40.62,0,0
699,110,中華醫事科技大學,1,技專校院,臺南市仁德區,3,2852,2207,86.3,77.46,69.9,28.52,30.1,0,0
700,110,亞東學校財團法人亞東科技大學,1,技專校院,新北市板橋區,1,1108,862,93.3,77.96,39.28,5.03,60.72,0,0
701,110,仁德醫護管理專科學校,1,技專校院,苗栗縣後龍鎮,6,1553,1357,86.07,87.39,63.27,7.58,36.73,0,0
702,110,修平學校財團法人修平科技大學,1,技專校院,臺中市大里區,3,1667,1077,74.38,65.23,68.04,6.03,31.96,0,0
703,110,健行學校財團法人健行科技大學,1,技專校院,桃園市中壢區,2,3189,2576,81.06,81.28,68.56,2.3,31.44,0,0
704,110,僑光科技大學,1,技專校院,臺中市西屯區,2,2590,2141,79.12,82.85,77.49,5.16,22.51,0,0
705,110,光宇學校財團法人元培醫事科技大學,1,技專校院,新竹市香山區,3,1871,1405,78.6,75.75,66.07,1.48,33.93,0,0
706,110,南亞科技學校財團法人南亞技術學院,1,技專校院,桃園市中壢區,2,1057,664,85.16,62.82,60.57,4.57,39.43,0,0
707,110,南臺學校財團法人南臺科技大學,1,技專校院,臺南市永康區,3,4367,3573,88.41,82.3,61.93,0.17,38.07,0,0
708,110,南開科技大學,1,技專校院,南投縣草屯鎮,4,910,653,84.49,72.74,62.67,4.31,37.33,0,0
709,110,台北海洋學校財團法人台北海洋科技大學,1,技專校院,新北市淡水區,3,1626,1131,79.1,70.78,63.43,5.45,36.57,0,0
710,110,台南家專學校財團法人台南應用科技大學,1,技專校院,臺南市永康區,3,3064,2342,84.59,76.72,77.92,6.89,22.08,0,0
711,110,台鋼學校財團法人台鋼科技大學,1,技專校院,高雄市路竹區,5,1282,712,61.32,60.48,57.94,3.51,42.06,0,0
712,110,吳鳳科技大學,1,技專校院,嘉義縣民雄鄉,4,2054,1226,87.27,61.4,68.01,4.95,31.99,0,0
713,110,嘉藥學校財團法人嘉南藥理大學,1,技專校院,臺南市仁德區,3,3267,2351,81.01,73.05,63.01,0.11,36.99,0,0
714,110,城市學校財團法人臺北城市科技大學,1,技專校院,臺北市北投區,2,2920,2260,80.77,77.74,74.97,2.99,25.03,0,0
715,110,大仁科技大學,1,技專校院,屏東縣鹽埔鄉,7,2037,1475,80.07,72.86,59.37,7.53,40.63,0,0
716,110,大同技術學院,1,技專校院,嘉義市東區,4,456,293,66.32,64.25,60.33,4.76,39.67,0,1
717,110,大漢技術學院,1,技專校院,花蓮縣新城鄉,4,400,321,72.16,80.25,52.29,16.44,47.71,0,0
718,110,大華學校財團法人敏實科技大學,1,技專校院,新竹縣芎林鄉,3,159,110,78.23,69.57,22.79,5.51,77.21,0,0
719,110,宏國學校財團法人宏國德霖科技大學,1,技專校院,新北市土城區,3,2133,1287,78.7,60.37,63.14,7.02,36.86,0,0
720,110,崇仁醫護管理專科學校,1,技專校院,嘉義市東區,4,710,621,94.71,87.46,63.16,5.29,36.84,0,0
721,110,崇右學校財團法人崇右影藝科技大學,1,技專校院,基隆市信義區,4,394,362,80.69,92.23,46.41,5.4,53.59,0,0
722,110,崑山科技大學,1,技專校院,臺南市永康區,3,2579,1959,79.92,77.74,50.28,1.43,49.72,0,0
723,110,嶺東科技大學,1,技專校院,臺中市南屯區,2,2699,2456,80.2,91.03,57.67,2.53,42.33,0,0
724,110,廣亞學校財團法人育達科技大學,1,技專校院,苗栗縣造橋鄉,6,1573,1121,83.28,72.06,66.36,3.07,33.64,0,0
725,110,建國科技大學,1,技專校院,彰化縣彰化市,4,1882,1140,79.79,60.57,69.31,6.8,30.69,0,0
726,110,弘光科技大學,1,技專校院,臺中市沙鹿區,3,3411,3150,89.47,92.54,61.14,5.82,38.86,0,0
727,110,德明財經科技大學,1,技專校院,臺北市內湖區,2,1633,1277,87.48,79.67,63.4,4.86,36.6,0,0
728,110,德育學校財團法人德育護理健康學院,1,技專校院,基隆市中山區,4,1812,1177,86.04,65.01,69.31,2.56,30.69,0,0
729,110,慈惠醫護管理專科學校,1,技專校院,屏東縣南州鄉,7,959,585,85.92,61.04,61.68,0.83,38.32,0,0
730,110,慈濟學校財團法人慈濟科技大學,1,技專校院,花蓮縣花蓮市,4,820,746,92.09,91.12,28.24,3.13,71.76,0,0
731,110,敏惠醫護管理專科學校,1,技專校院,臺南市柳營區,6,915,798,94.87,87.21,69.96,1.56,30.04,0,0
732,110,文藻學校財團法人文藻外語大學,1,技專校院,高雄市三民區,2,2167,1723,86.69,80.58,60.55,3.95,39.45,0,0
733,110,新生醫護管理專科學校,1,技專校院,桃園市龍潭區,3,1269,1234,93.33,97.24,70.76,9.69,29.24,0,0
734,110,明志科技大學,1,技專校院,新北市泰山區,4,1033,991,95.52,97.08,13.29,2.8,86.71,0,0
735,110,明新學校財團法人明新科技大學,1,技專校院,新竹縣新豐鄉,3,3011,2222,84.63,75.4,65.29,3.28,34.71,0,0
736,110,景文科技大學,1,技專校院,新北市新店區,2,1956,1172,74.29,62.18,65.42,29.07,34.58,0,0
737,110,朝陽科技大學,1,技專校院,臺中市霧峰區,4,3353,2951,88.03,88.87,58.31,2.96,41.69,0,0
738,110,東南科技大學,1,技專校院,新北市深坑區,4,1546,878,79.48,60.14,67.03,5.43,32.97,0,0
739,110,東方學校財團法人東方設計大學,1,技專校院,高雄市湖內區,5,876,167,61.52,19.06,59.23,3.82,40.77,0,0
740,110,樹人醫護管理專科學校,1,技專校院,高雄市路竹區,5,1702,1657,92.44,97.36,70.84,6.13,29.16,0,0
741,110,樹德科技大學,1,技專校院,高雄市燕巢區,6,3240,2246,78.93,71.1,66.07,0.59,33.93,0,0
742,110,正修學校財團法人正修科技大學,1,技專校院,高雄市鳥松區,2,5424,4173,82.79,79.03,58.6,6.27,41.4,0,0
743,110,環球學校財團法人環球科技大學,1,技專校院,雲林縣斗六市,4,978,589,72.37,60.22,64.96,2.65,35.04,0,0
744,110,美和學校財團法人美和科技大學,1,技專校院,屏東縣內埔鄉,6,2532,1664,84.96,65.77,66.64,5.4,33.36,0,0
745,110,耕莘健康管理專科學校,1,技專校院,新北市新店區,2,923,845,92.26,91.55,47.55,12.9,52.45,0,0
746,110,聖母醫護管理專科學校,1,技專校院,宜蘭縣三星鄉,6,470,362,87.5,77.02,57.55,7.54,42.45,0,0
747,110,聖約翰科技大學,1,技專校院,新北市淡水區,3,529,206,66.93,40.46,43.06,6.53,56.94,0,0
748,110,育英醫護管理專科學校,1,技專校院,高雄市三民區,2,372,353,91.09,94.89,68.26,4.48,31.74,0,0
749,110,致理學校財團法人致理科技大學,1,技專校院,新北市板橋區,1,2613,2460,87.27,94.33,70.12,6.79,29.88,0,0
750,110,華夏學校財團法人華夏科技大學,1,技專校院,新北市中和區,1,1674,817,81.6,49.41,64.27,4.8,35.73,0,0
751,110,萬能學校財團法人萬能科技大學,1,技專校院,桃園市中壢區,2,2942,2045,72.74,71.25,69.3,4.93,30.7,0,0
752,110,輔英科技大學,1,技專校院,高雄市大寮區,4,3096,2656,84.89,86.19,61.96,16.29,38.04,0,0
753,110,醒吾學校財團法人醒吾科技大學,1,技專校院,新北市林口區,3,2547,1735,76.25,70.26,70.43,5.2,29.57,0,0
754,110,長庚學校財團法人長庚科技大學,1,技專校院,桃園市龜山區,3,2215,2169,95.31,97.99,24.91,5.72,75.09,0,0
755,110,馬偕學校財團法人馬偕醫護管理專科學校,1,技專校院,臺北市北投區,2,946,925,86.6,97.78,36.29,1.53,63.71,0,0
756,110,黎明技術學院,1,技專校院,新北市泰山區,4,1622,1149,68.15,73.58,70.11,2.32,29.89,0,0
757,110,龍華科技大學,1,技專校院,桃園市龜山區,3,2826,2670,79.82,95.43,65.35,5.48,34.65,0,0
758,111,國立中央大學,0,一般大學,桃園市中壢區,2,3721,3771,95.19,100,13.19,30.69,86.81,0,0
759,111,國立中山大學,0,一般大學,高雄市鼓山區,2,2982,2940,95.67,98.93,14.72,40.82,85.28,0,0
760,111,國立中正大學,0,一般大學,嘉義縣民雄鄉,4,3404,3248,95.2,95.58,20.74,19.59,79.26,0,0
761,111,國立中興大學,0,一般大學,臺中市南區,1,4439,4439,93.12,100,14.68,25.78,85.32,0,0
762,111,國立嘉義大學,0,一般大學,嘉義市東區,4,3446,2808,89.32,82.45,21.28,14.86,78.72,0,0
763,111,國立宜蘭大學,0,一般大學,宜蘭縣宜蘭市,4,1456,1390,92.91,95.75,20.41,12.3,79.59,0,0
764,111,國立屏東大學,0,一般大學,屏東縣屏東市,4,2314,1979,93.47,85.93,23.99,8.18,76.01,0,0
765,111,國立彰化師範大學,0,一般大學,彰化縣彰化市,4,2399,2319,95.17,96.85,24.05,29.76,75.95,0,0
766,111,國立成功大學,0,一般大學,臺南市東區,2,6367,6376,94.71,100,11.15,38.35,88.85,0,0
767,111,國立政治大學,0,一般大學,臺北市文山區,2,4041,3968,96.02,98.44,23.88,37.41,76.12,0,0
768,111,國立暨南國際大學,0,一般大學,南投縣埔里鎮,4,1568,1438,95.77,92.61,19.87,24.11,80.13,0,0
769,111,國立東華大學,0,一般大學,花蓮縣壽豐鄉,6,2606,2163,94.17,87.53,19.38,13.57,80.62,0,0
770,111,國立清華大學,0,一般大學,新竹市東區,2,4589,4708,95.68,100,11.57,42.76,88.43,0,0
771,111,國立聯合大學,0,一般大學,苗栗縣苗栗市,4,2088,1923,91.32,92.14,25.48,8.49,74.52,0,0
772,111,國立臺中教育大學,0,一般大學,臺中市西區,1,1358,1216,95.69,89.99,17.51,13.93,82.49,0,0
773,111,國立臺北大學,0,一般大學,新北市三峽區,3,2633,2491,92.31,94.92,24.13,11.06,75.87,0,0
774,111,國立臺北教育大學,0,一般大學,臺北市大安區,1,1607,1525,96.77,95.22,20.74,9.51,79.26,0,0
775,111,國立臺北藝術大學,0,一般大學,臺北市北投區,2,752,734,94.57,97.81,19.09,16.82,80.91,0,0
776,111,國立臺南大學,0,一般大學,臺南市中西區,2,1719,1459,92.79,85.32,21.69,15.24,78.31,0,0
777,111,國立臺南藝術大學,0,一般大學,臺南市官田區,6,417,383,94.52,92.17,17.16,4.3,82.84,0,0
778,111,國立臺東大學,0,一般大學,臺東縣臺東市,4,1453,1195,90.29,83.86,19.8,5.38,80.2,0,0
779,111,國立臺灣大學,0,一般大學,臺北市大安區,1,8545,8535,95.75,99.9,10.74,39.26,89.26,0,0
780,111,國立臺灣師範大學,0,一般大學,臺北市大安區,1,4171,3970,95.44,96.73,12.65,33.15,87.35,0,0
781,111,國立臺灣海洋大學,0,一般大學,基隆市中正區,4,2623,2380,93.48,91.3,16.46,27.42,83.54,0,0
782,111,國立臺灣藝術大學,0,一般大學,新北市板橋區,1,1383,1326,95.21,96.19,22.95,5.33,77.05,0,0
783,111,國立臺灣體育運動大學,0,一般大學,臺中市北區,1,779,761,88.44,97.91,20.07,3.97,79.93,0,0
784,111,國立金門大學,0,一般大學,金門縣金寧鄉,5,1094,901,89.31,83.45,23.01,15.44,76.99,0,0
785,111,國立陽明交通大學,0,一般大學,新竹市東區,2,5503,5512,95.6,100,9.52,38.12,90.48,0,0
786,111,國立體育大學,0,一般大學,桃園市龜山區,3,637,627,89.02,98.48,13.02,10.68,86.98,0,0
787,111,國立高雄大學,0,一般大學,高雄市楠梓區,2,1580,1487,92.96,94.47,26.17,12.04,73.83,0,0
788,111,國立高雄師範大學,0,一般大學,高雄市苓雅區,1,1927,1797,93.07,93.46,24.66,12.66,75.34,0,0
789,111,臺北市立大學,0,一般大學,臺北市中正區,1,2043,1961,93.51,96.06,19.15,#N/A,80.85,0,0
790,111,國立勤益科技大學,0,技專校院,臺中市太平區,3,3192,2920,88.19,91.95,34.28,12.75,65.72,0,0
791,111,國立屏東科技大學,0,技專校院,屏東縣內埔鄉,6,2633,2358,91.8,90.17,19.93,21.39,80.07,0,0
792,111,國立澎湖科技大學,0,技專校院,澎湖縣馬公市,4,832,636,85.78,76.67,21.35,2.88,78.65,0,0
793,111,國立臺中科技大學,0,技專校院,臺中市北區,1,4985,4693,88.19,94.23,34.12,3.07,65.88,0,0
794,111,國立臺北商業大學,0,技專校院,臺北市中正區,1,1934,1853,89.94,96,30.34,3.06,69.66,0,0
795,111,國立臺北科技大學,0,技專校院,臺北市大安區,1,3271,3340,96.33,100,23.46,15.44,76.54,0,0
796,111,國立臺北護理健康大學,0,技專校院,臺北市北投區,2,1507,1422,94.31,94.78,23.83,8.35,76.17,0,0
797,111,國立臺南護理專科學校,0,技專校院,臺南市中西區,2,422,415,97.22,98.34,17.58,2.91,82.42,0,0
798,111,國立臺東專科學校,0,技專校院,臺東縣臺東市,4,576,271,87.99,47.29,9.71,2.61,90.29,0,0
799,111,國立臺灣戲曲學院,0,技專校院,臺北市內湖區,2,144,131,84.62,90.97,4.19,4.72,95.81,0,0
800,111,國立臺灣科技大學,0,技專校院,臺北市大安區,1,2645,2811,96.28,100,15.87,27.96,84.13,0,0
801,111,國立虎尾科技大學,0,技專校院,雲林縣虎尾鎮,4,3154,2946,92.63,93.54,26.36,16.8,73.64,0,0
802,111,國立雲林科技大學,0,技專校院,雲林縣斗六市,4,2755,2639,96.29,95.92,19.32,19.04,80.68,0,0
803,111,國立高雄科技大學,0,技專校院,高雄市三民區,2,7865,7103,92.85,90.62,24.52,20.87,75.48,0,0
804,111,國立高雄餐旅大學,0,技專校院,高雄市小港區,4,1172,999,96.3,86.32,25.73,6.4,74.27,0,0
805,111,世新大學,1,一般大學,臺北市文山區,2,2774,2306,92.02,83.83,62.17,1.57,37.83,0,0
806,111,中信學校財團法人中信金融管理學院,1,一般大學,臺南市安南區,3,340,291,81.93,85.76,17.09,6.5,82.91,0,0
807,111,中原大學,1,一般大學,桃園市中壢區,2,4215,4097,96.39,97.36,50.79,5.68,49.21,0,0
808,111,中國文化大學,1,一般大學,臺北市士林區,2,6441,3710,86.73,58.59,59.29,6.58,40.71,0,0
809,111,中國醫藥大學,1,一般大學,臺中市北區,1,1721,1614,95.03,94.22,12.84,9.02,87.16,0,0
810,111,中山醫學大學,1,一般大學,臺中市南區,1,1916,1588,92.64,83.27,27.32,5.67,72.68,0,0
811,111,中華大學學校財團法人中華大學,1,一般大學,新竹市香山區,3,1788,1123,68.83,64.92,48,0.44,52,0,0
812,111,亞洲大學,1,一般大學,臺中市霧峰區,4,3196,2511,88.39,79.22,43.39,6.38,56.61,0,0
813,111,佛光大學,1,一般大學,宜蘭縣礁溪鄉,4,1100,772,87.13,71.21,32.83,3.75,67.17,0,0
814,111,元智大學,1,一般大學,桃園市中壢區,2,2332,1884,94.76,82.24,42.67,3.14,57.33,0,0
815,111,南華大學,1,一般大學,嘉義縣大林鎮,6,1588,1436,86.66,90.43,42.65,4.77,57.35,0,0
816,111,大同大學,1,一般大學,臺北市中山區,1,1122,811,94.35,72.93,16.95,9.46,83.05,0,0
817,111,大葉大學,1,一般大學,彰化縣大村鄉,8,2105,1204,85.31,58.07,60.2,8.39,39.8,0,0
818,111,實踐大學,1,一般大學,臺北市中山區,1,3408,2270,86.57,67.97,58.67,6.49,41.33,0,0
819,111,康寧學校財團法人康寧大學,1,一般大學,臺北市內湖區,2,892,772,89.63,86.58,64.66,1.18,35.34,0,0
820,111,慈濟學校財團法人慈濟大學,1,一般大學,花蓮縣花蓮市,4,930,553,89.85,61.25,18.03,0.06,81.97,0,0
821,111,明道學校財團法人明道大學,1,一般大學,彰化縣埤頭鄉,6,566,223,84.24,39.47,59.37,8.4,40.63,1,1
822,111,東吳大學,1,一般大學,臺北市士林區,2,3906,3390,93.44,87.2,59.15,2.8,40.85,0,0
823,111,東海大學,1,一般大學,臺中市西屯區,2,4171,3341,92.9,81.29,49.28,8.28,50.72,0,0
824,111,法鼓學校財團法人法鼓文理學院,1,一般大學,新北市金山區,6,101,69,75,80.95,6.19,6.1,93.81,0,0
825,111,淡江大學學校財團法人淡江大學,1,一般大學,新北市淡水區,3,6039,4706,93.43,79.27,60.25,6,39.75,0,0
826,111,玄奘大學,1,一般大學,新竹市香山區,3,664,396,84.21,61.77,46.85,15.92,53.15,0,0
827,111,真理大學,1,一般大學,新北市淡水區,3,1631,723,82.94,46.27,69.12,12.33,30.88,0,0
828,111,義守大學,1,一般大學,高雄市大樹區,6,3628,2197,86.46,64.97,54.3,5.89,45.7,0,0
829,111,臺北醫學大學,1,一般大學,臺北市信義區,1,1390,1327,92.27,95.97,12.24,5.88,87.76,0,0
830,111,華梵大學,1,一般大學,新北市石碇區,6,449,320,69.23,72.02,24.49,6.8,75.51,0,0
831,111,輔仁大學,1,一般大學,新北市新莊區,1,6790,5886,91.28,87.3,54.05,2.37,45.95,0,0
832,111,逢甲大學,1,一般大學,臺中市西屯區,2,5497,5291,95.45,96.46,50.73,0.74,49.27,0,0
833,111,銘傳大學,1,一般大學,臺北市士林區,2,4617,3750,90.54,83.16,64.01,3.34,35.99,0,0
834,111,長庚大學,1,一般大學,桃園市龜山區,3,1868,1760,92.95,94.52,14.49,2.57,85.51,0,0
835,111,長榮大學,1,一般大學,臺南市歸仁區,4,2421,1264,87.91,53.35,58.03,0.18,41.97,0,0
836,111,開南大學,1,一般大學,桃園市蘆竹區,3,1655,1173,79.55,72.44,62.8,2.14,37.2,0,0
837,111,靜宜大學,1,一般大學,臺中市沙鹿區,3,3043,2392,92.55,79.3,57.71,4.94,42.29,0,0
838,111,馬偕學校財團法人馬偕醫學院,1,一般大學,新北市三芝區,6,268,204,93.88,76.67,13.25,3.31,86.75,0,0
839,111,高雄醫學大學,1,一般大學,高雄市三民區,2,1812,1682,91.96,93.06,16.08,5.26,83.92,0,0
840,111,中信金學校財團法人中信科技大學,1,技專校院,臺南市新市區,3,1153,570,80.03,53.84,45.55,5.57,54.45,0,0
841,111,中國科技大學,1,技專校院,臺北市文山區,2,2769,1653,79.1,60.13,67.59,4.78,32.41,0,0
842,111,中臺科技大學,1,技專校院,臺中市北屯區,3,2781,1808,81.74,65.69,61.65,3.04,38.35,0,0
843,111,中華學校財團法人中華科技大學,1,技專校院,臺北市南港區,2,1766,998,73.13,57.88,68.19,6.7,31.81,0,0
844,111,中華醫事科技大學,1,技專校院,臺南市仁德區,3,2833,2158,87.51,76.22,68.62,16.78,31.38,0,0
845,111,亞東學校財團法人亞東科技大學,1,技專校院,新北市板橋區,1,1108,788,91.16,71.25,36.89,4.41,63.11,0,0
846,111,仁德醫護管理專科學校,1,技專校院,苗栗縣後龍鎮,6,1553,1325,83.83,85.34,62.09,5.84,37.91,0,0
847,111,修平學校財團法人修平科技大學,1,技專校院,臺中市大里區,3,1581,878,74.84,57.45,22.11,12.79,77.89,0,0
848,111,健行學校財團法人健行科技大學,1,技專校院,桃園市中壢區,2,3174,2090,78.62,68.73,66,32.33,34,0,0
849,111,僑光科技大學,1,技專校院,臺中市西屯區,2,2522,1816,81.02,72.55,74.45,7.56,25.55,0,0
850,111,光宇學校財團法人元培醫事科技大學,1,技專校院,新竹市香山區,3,1795,1133,83.26,63.22,64.44,1.86,35.56,0,0
851,111,南亞科技學校財團法人南亞技術學院,1,技專校院,桃園市中壢區,2,967,681,89.74,70.42,50.57,2.7,49.43,0,0
852,111,南臺學校財團法人南臺科技大學,1,技專校院,臺南市永康區,3,4264,3249,88.51,76.56,59.02,3.96,40.98,0,0
853,111,南開科技大學,1,技專校院,南投縣草屯鎮,4,885,577,85.95,67.78,61.84,12.03,38.16,0,0
854,111,台北海洋學校財團法人台北海洋科技大學,1,技專校院,新北市淡水區,3,1485,1033,79.85,71.01,62.97,2.45,37.03,0,0
855,111,台南家專學校財團法人台南應用科技大學,1,技專校院,臺南市永康區,3,3009,1961,85.42,65.48,74.95,8.01,25.05,0,0
856,111,台鋼學校財團法人台鋼科技大學,1,技專校院,高雄市路竹區,5,1224,300,59.89,24.51,25.84,5.6,74.16,1,1
857,111,吳鳳科技大學,1,技專校院,嘉義縣民雄鄉,4,2045,1008,90.33,51.11,57.12,25.3,42.88,0,0
858,111,嘉藥學校財團法人嘉南藥理大學,1,技專校院,臺南市仁德區,3,3427,2003,85.96,59.47,61.58,5.74,38.42,0,0
859,111,城市學校財團法人臺北城市科技大學,1,技專校院,臺北市北投區,2,2910,1976,82.15,70.77,73.78,8.49,26.22,0,0
860,111,大仁科技大學,1,技專校院,屏東縣鹽埔鄉,7,1830,1370,79.79,75.28,57.84,1.27,42.16,0,0
861,111,大漢技術學院,1,技專校院,花蓮縣新城鄉,4,380,269,76.16,70.79,47.68,6.23,52.32,0,0
862,111,大華學校財團法人敏實科技大學,1,技專校院,新竹縣芎林鄉,3,185,116,83.04,69.06,22.12,3.92,77.88,0,0
863,111,宏國學校財團法人宏國德霖科技大學,1,技專校院,新北市土城區,3,2077,1147,83.73,56.15,66.65,1.37,33.35,0,0
864,111,崇仁醫護管理專科學校,1,技專校院,嘉義市東區,4,700,580,91.89,82.86,64.5,22.3,35.5,0,0
865,111,崇右學校財團法人崇右影藝科技大學,1,技專校院,基隆市信義區,4,319,279,59.95,87.58,61.01,2.68,38.99,0,0
866,111,崑山科技大學,1,技專校院,臺南市永康區,3,2495,1718,79.89,73.31,46.83,3.79,53.17,0,0
867,111,嶺東科技大學,1,技專校院,臺中市南屯區,2,2698,2290,79.86,85.07,71.82,6.06,28.18,0,0
868,111,廣亞學校財團法人育達科技大學,1,技專校院,苗栗縣造橋鄉,6,1526,1058,80.96,71,61.57,1.67,38.43,0,0
869,111,建國科技大學,1,技專校院,彰化縣彰化市,4,1639,1085,78.4,67.35,66.45,3.95,33.55,0,0
870,111,弘光科技大學,1,技專校院,臺中市沙鹿區,3,3411,2955,87.17,87.02,59.04,2.62,40.96,0,0
871,111,德明財經科技大學,1,技專校院,臺北市內湖區,2,1638,1046,86.97,65.54,63.46,2.31,36.54,0,0
872,111,德育學校財團法人德育護理健康學院,1,技專校院,基隆市中山區,4,1686,895,87.35,56.63,66.32,3.28,33.68,0,0
873,111,慈惠醫護管理專科學校,1,技專校院,屏東縣南州鄉,7,796,410,84.5,51.51,57.43,4.16,42.57,0,0
874,111,慈濟學校財團法人慈濟科技大學,1,技專校院,花蓮縣花蓮市,4,815,688,88.82,85.2,26.87,4.02,73.13,0,0
875,111,敏惠醫護管理專科學校,1,技專校院,臺南市柳營區,6,911,694,94.24,76.18,66.3,1.96,33.7,0,0
876,111,文藻學校財團法人文藻外語大學,1,技專校院,高雄市三民區,2,2104,1509,85.42,72.48,59.93,5.26,40.07,0,0
877,111,新生醫護管理專科學校,1,技專校院,桃園市龍潭區,3,1273,1227,92.48,96.39,71.33,3.17,28.67,0,0
878,111,明志科技大學,1,技專校院,新北市泰山區,4,1032,982,92.77,96.12,16.67,26.28,83.33,0,0
879,111,明新學校財團法人明新科技大學,1,技專校院,新竹縣新豐鄉,3,2888,2154,83.05,76.98,61,1.36,39,0,0
880,111,景文科技大學,1,技專校院,新北市新店區,2,1697,1130,76.97,70.22,59.41,2.77,40.59,0,0
881,111,朝陽科技大學,1,技專校院,臺中市霧峰區,4,3238,2897,87.56,90.23,56.93,4.55,43.07,0,0
882,111,東南科技大學,1,技專校院,新北市深坑區,4,1379,744,77.98,62.06,66.73,0.9,33.27,0,0
883,111,東方學校財團法人東方設計大學,1,技專校院,高雄市湖內區,5,521,137,45.57,26.3,51.69,6.6,48.31,0,1
884,111,樹人醫護管理專科學校,1,技專校院,高雄市路竹區,5,1702,1625,90.39,95.48,67.35,2.01,32.65,0,0
885,111,樹德科技大學,1,技專校院,高雄市燕巢區,6,3171,2011,81.65,65.98,61.75,3.14,38.25,0,0
886,111,正修學校財團法人正修科技大學,1,技專校院,高雄市鳥松區,2,5439,4128,81.4,77.74,55.68,7.36,44.32,0,0
887,111,環球學校財團法人環球科技大學,1,技專校院,雲林縣斗六市,4,742,466,74.76,62.8,60.81,5.76,39.19,1,1
888,111,美和學校財團法人美和科技大學,1,技專校院,屏東縣內埔鄉,6,2270,1555,87.1,68.52,65.93,30.25,34.07,0,0
889,111,耕莘健康管理專科學校,1,技專校院,新北市新店區,2,908,824,93.48,90.77,43.02,5.04,56.98,0,0
890,111,聖母醫護管理專科學校,1,技專校院,宜蘭縣三星鄉,6,438,280,87.6,63.93,52.02,4.86,47.98,0,0
891,111,聖約翰科技大學,1,技專校院,新北市淡水區,3,389,137,72.63,35.31,23.09,2.3,76.91,0,0
892,111,育英醫護管理專科學校,1,技專校院,高雄市三民區,2,370,346,92.47,93.51,66.75,1.89,33.25,0,0
893,111,致理學校財團法人致理科技大學,1,技專校院,新北市板橋區,1,2656,2405,88.47,90.74,68.96,12.13,31.04,0,0
894,111,華夏學校財團法人華夏科技大學,1,技專校院,新北市中和區,1,1291,545,82.29,42.39,62.42,3.85,37.58,0,1
895,111,萬能學校財團法人萬能科技大學,1,技專校院,桃園市中壢區,2,2716,1975,73.46,74.11,69.13,5.32,30.87,0,0
896,111,輔英科技大學,1,技專校院,高雄市大寮區,4,3086,2257,87.55,74.07,58.37,4.89,41.63,0,0
897,111,醒吾學校財團法人醒吾科技大學,1,技專校院,新北市林口區,3,2355,1372,78.28,62.59,67.68,2.79,32.32,0,0
898,111,長庚學校財團法人長庚科技大學,1,技專校院,桃園市龜山區,3,2201,2159,94.85,98.1,28.64,3.75,71.36,0,0
899,111,馬偕學校財團法人馬偕醫護管理專科學校,1,技專校院,臺北市北投區,2,946,915,92.28,96.72,37.98,3.73,62.02,0,0
900,111,黎明技術學院,1,技專校院,新北市泰山區,4,1622,1158,65.5,74.55,66.18,6.68,33.82,0,0
901,111,龍華科技大學,1,技專校院,桃園市龜山區,3,2826,2360,74.33,86.44,61.75,2.2,38.25,0,0
902,112,國立中央大學,0,一般大學,桃園市中壢區,2,3721,3771,93.87,100,13.43,30.08,86.57,0,0
903,112,國立中山大學,0,一般大學,高雄市鼓山區,2,2982,2906,95.34,98.06,14.11,41.4,85.89,0,0
904,112,國立中正大學,0,一般大學,嘉義縣民雄鄉,4,3404,3229,95.81,95.07,20.46,19.23,79.54,0,0
905,112,國立中興大學,0,一般大學,臺中市南區,1,4439,4445,93.24,100,14.16,26.75,85.84,0,0
906,112,國立嘉義大學,0,一般大學,嘉義市東區,4,3446,3071,89.58,89.75,20.84,15.18,79.16,0,0
907,112,國立宜蘭大學,0,一般大學,宜蘭縣宜蘭市,4,1456,1432,87.97,98.7,19.87,11.44,80.13,0,0
908,112,國立屏東大學,0,一般大學,屏東縣屏東市,4,2314,2091,91.83,90.55,22.89,8.19,77.11,0,0
909,112,國立彰化師範大學,0,一般大學,彰化縣彰化市,4,2399,2322,95.21,96.91,23.14,29.14,76.86,0,0
910,112,國立成功大學,0,一般大學,臺南市東區,2,6368,6362,95.19,100,10.88,39.7,89.12,0,0
911,112,國立政治大學,0,一般大學,臺北市文山區,2,4058,3924,96.9,97.1,23.32,37.41,76.68,0,0
912,112,國立暨南國際大學,0,一般大學,南投縣埔里鎮,4,1568,1478,94.23,94.68,19.98,24.87,80.02,0,0
913,112,國立東華大學,0,一般大學,花蓮縣壽豐鄉,6,2575,2260,91.94,92.38,18.19,13.08,81.81,0,0
914,112,國立清華大學,0,一般大學,新竹市東區,2,4592,4611,94.64,100,11.13,42.47,88.87,0,0
915,112,國立聯合大學,0,一般大學,苗栗縣苗栗市,4,2055,1981,89.5,96.43,25.1,8.45,74.9,0,0
916,112,國立臺中教育大學,0,一般大學,臺中市西區,1,1358,1295,95.74,95.51,16.14,14.96,83.86,0,0
917,112,國立臺北大學,0,一般大學,新北市三峽區,3,2633,2499,91.44,95.23,23.84,12.83,76.16,0,0
918,112,國立臺北教育大學,0,一般大學,臺北市大安區,1,1607,1540,96.01,96.65,21.3,8.82,78.7,0,0
919,112,國立臺北藝術大學,0,一般大學,臺北市北投區,2,752,730,94.3,97.63,19.65,15.87,80.35,0,0
920,112,國立臺南大學,0,一般大學,臺南市中西區,2,1719,1607,91.73,93.64,20.77,18.11,79.23,0,0
921,112,國立臺南藝術大學,0,一般大學,臺南市官田區,6,416,387,87.12,93.3,16.32,5.76,83.68,0,0
922,112,國立臺東大學,0,一般大學,臺東縣臺東市,4,1479,1295,85.41,90.21,19.43,5.9,80.57,0,0
923,112,國立臺灣大學,0,一般大學,臺北市大安區,1,8549,8489,96.07,99.42,10.86,39.18,89.14,0,0
924,112,國立臺灣師範大學,0,一般大學,臺北市大安區,1,4177,3987,95.84,96.92,11.28,33.82,88.72,0,0
925,112,國立臺灣海洋大學,0,一般大學,基隆市中正區,4,2623,2402,94.49,92.06,15.12,27.39,84.88,0,0
926,112,國立臺灣藝術大學,0,一般大學,新北市板橋區,1,1382,1308,91.49,94.93,23.22,5.16,76.78,0,0
927,112,國立臺灣體育運動大學,0,一般大學,臺中市北區,1,779,768,88.91,98.6,20.05,6.4,79.95,0,0
928,112,國立金門大學,0,一般大學,金門縣金寧鄉,5,1094,917,80.36,85.06,22.98,15.1,77.02,0,0
929,112,國立陽明交通大學,0,一般大學,新竹市東區,2,5503,5551,95.74,100,9.97,38.21,90.03,0,0
930,112,國立體育大學,0,一般大學,桃園市龜山區,3,637,604,91.19,94.94,14.08,10.46,85.92,0,0
931,112,國立高雄大學,0,一般大學,高雄市楠梓區,2,1580,1534,91.69,97.26,24.88,12.41,75.12,0,0
932,112,國立高雄師範大學,0,一般大學,高雄市苓雅區,1,2011,1860,92.75,92.64,23.39,13.63,76.61,0,0
933,112,臺北市立大學,0,一般大學,臺北市中正區,1,2063,1981,91.14,96.09,17.9,#N/A,82.1,0,0
934,112,國立勤益科技大學,0,技專校院,臺中市太平區,3,3187,2957,87.85,93.41,32.61,12.49,67.39,0,0
935,112,國立屏東科技大學,0,技專校院,屏東縣內埔鄉,6,2633,2279,89.88,87.14,18.74,22.75,81.26,0,0
936,112,國立澎湖科技大學,0,技專校院,澎湖縣馬公市,4,832,593,82.47,71.34,19.76,2.97,80.24,0,0
937,112,國立臺中科技大學,0,技專校院,臺中市北區,1,4861,4593,88.02,94.57,33.11,3.09,66.89,0,0
938,112,國立臺北商業大學,0,技專校院,臺北市中正區,1,1860,1712,91.23,92.28,27.97,3.63,72.03,0,0
939,112,國立臺北科技大學,0,技專校院,臺北市大安區,1,3221,3262,97.74,100,21.61,15.33,78.39,0,0
940,112,國立臺北護理健康大學,0,技專校院,臺北市北投區,2,1510,1441,92.5,95.8,22.53,7.89,77.47,0,0
941,112,國立臺南護理專科學校,0,技專校院,臺南市中西區,2,422,400,94.69,94.8,16.86,2.75,83.14,0,0
942,112,國立臺東專科學校,0,技專校院,臺東縣臺東市,4,580,297,85.87,51.3,8.69,2.16,91.31,0,0
943,112,國立臺灣戲曲學院,0,技專校院,臺北市內湖區,2,144,122,88.28,84.72,3.92,4.02,96.08,0,0
944,112,國立臺灣科技大學,0,技專校院,臺北市大安區,1,2645,2748,96.08,100,15.61,26.29,84.39,0,0
945,112,國立虎尾科技大學,0,技專校院,雲林縣虎尾鎮,4,3165,2980,88.21,94.24,25.95,16.89,74.05,0,0
946,112,國立雲林科技大學,0,技專校院,雲林縣斗六市,4,2775,2616,95.55,94.39,19.44,19.24,80.56,0,0
947,112,國立高雄科技大學,0,技專校院,高雄市三民區,2,7767,6902,91.63,89.08,22.15,20.39,77.85,0,0
948,112,國立高雄餐旅大學,0,技專校院,高雄市小港區,4,1141,912,95.02,81.01,24.79,6.75,75.21,0,0
949,112,世新大學,1,一般大學,臺北市文山區,2,2712,2585,87.06,95.48,56.89,6.92,43.11,0,0
950,112,中信學校財團法人中信金融管理學院,1,一般大學,臺南市安南區,3,340,316,85.86,93.08,19.09,5.64,80.91,0,0
951,112,中原大學,1,一般大學,桃園市中壢區,2,4215,4106,95.12,97.58,50.49,12.99,49.51,0,0
952,112,中國文化大學,1,一般大學,臺北市士林區,2,5361,3506,79.68,66.12,51.68,7.9,48.32,0,0
953,112,中國醫藥大學,1,一般大學,臺中市北區,1,1721,1577,95.78,92.18,12.93,0.06,87.07,0,0
954,112,中山醫學大學,1,一般大學,臺中市南區,1,1916,1787,93.09,93.41,26.07,10.67,73.93,0,0
955,112,中華大學學校財團法人中華大學,1,一般大學,新竹市香山區,3,1569,828,77.92,54.59,44.42,1.25,55.58,0,1
956,112,亞洲大學,1,一般大學,臺中市霧峰區,4,3065,2747,84.95,90.2,41.07,6.25,58.93,0,0
957,112,佛光大學,1,一般大學,宜蘭縣礁溪鄉,4,1000,640,84.08,64.88,29.44,9.38,70.56,0,0
958,112,元智大學,1,一般大學,桃園市中壢區,2,2322,2073,93.82,90.15,39.2,7.5,60.8,0,0
959,112,南華大學,1,一般大學,嘉義縣大林鎮,6,1553,1415,82.44,91.51,40.01,8.24,59.99,0,0
960,112,大同大學,1,一般大學,臺北市中山區,1,974,870,89.21,89.42,37.59,9.61,62.41,0,0
961,112,大葉大學,1,一般大學,彰化縣大村鄉,8,1700,794,82.98,47.87,52.68,2.51,47.32,0,0
962,112,實踐大學,1,一般大學,臺北市中山區,1,3249,2150,81.3,67.66,52.28,4.42,47.72,0,0
963,112,康寧學校財團法人康寧大學,1,一般大學,臺北市內湖區,2,892,805,92.51,90.25,39.18,9.34,60.82,0,0
964,112,慈濟學校財團法人慈濟大學,1,一般大學,花蓮縣花蓮市,4,734,551,90.14,76.79,15.86,4.65,84.14,0,0
965,112,東吳大學,1,一般大學,臺北市士林區,2,3877,3534,92.47,91.31,55.46,1.08,44.54,0,0
966,112,東海大學,1,一般大學,臺中市西屯區,2,4021,3770,92.85,94.08,47.5,21.11,52.5,0,0
967,112,法鼓學校財團法人法鼓文理學院,1,一般大學,新北市金山區,6,117,95,80,89.74,8.16,6.23,91.84,0,0
968,112,淡江大學學校財團法人淡江大學,1,一般大學,新北市淡水區,3,5743,4993,91.07,87.6,53.23,1.16,46.77,0,0
969,112,玄奘大學,1,一般大學,新竹市香山區,3,664,297,74.07,48.6,38.71,0.1,61.29,0,0
970,112,真理大學,1,一般大學,新北市淡水區,3,1532,360,73.75,25.73,63.84,6.93,36.16,0,0
971,112,義守大學,1,一般大學,高雄市大樹區,6,3100,2102,84.65,71.27,51.08,5.02,48.92,0,0
972,112,臺北醫學大學,1,一般大學,臺北市信義區,1,1402,1303,92.49,93.65,11.44,3.75,88.56,0,0
973,112,華梵大學,1,一般大學,新北市石碇區,6,449,345,74.07,77.92,#N/A,#N/A,#N/A,0,0
974,112,輔仁大學,1,一般大學,新北市新莊區,1,6790,6027,89.63,89.15,56.01,4.93,43.99,0,0
975,112,逢甲大學,1,一般大學,臺中市西屯區,2,5497,5316,94.38,96.84,48.35,6.42,51.65,0,0
976,112,銘傳大學,1,一般大學,臺北市士林區,2,4226,3588,89.05,86.36,60.26,1,39.74,0,0
977,112,長庚大學,1,一般大學,桃園市龜山區,3,1868,1772,93.09,95.15,17.17,4.18,82.83,0,0
978,112,長榮大學,1,一般大學,臺南市歸仁區,4,1916,1068,83.73,56.8,52.57,4.52,47.43,0,0
979,112,開南大學,1,一般大學,桃園市蘆竹區,3,1655,1091,71.92,71.14,56.69,26.83,43.31,0,0
980,112,靜宜大學,1,一般大學,臺中市沙鹿區,3,2782,2233,87.04,81.12,52.39,8.86,47.61,0,0
981,112,馬偕學校財團法人馬偕醫學院,1,一般大學,新北市三芝區,6,308,289,94.44,93.87,#N/A,#N/A,#N/A,0,0
982,112,高雄醫學大學,1,一般大學,高雄市三民區,2,1812,1631,93.55,90.3,16.83,2,83.17,0,0
983,112,中信金學校財團法人中信科技大學,1,技專校院,臺南市新市區,3,992,468,79.85,47.55,36.18,2.99,63.82,0,0
984,112,中國科技大學,1,技專校院,臺北市文山區,2,2288,1260,76.33,56.5,54.86,8.58,45.14,0,0
985,112,中臺科技大學,1,技專校院,臺中市北屯區,3,2611,1849,80.7,70.97,61.43,18.4,38.57,0,0
986,112,中華學校財團法人中華科技大學,1,技專校院,臺北市南港區,2,1426,883,64.44,63.48,45.86,8.97,54.14,0,0
987,112,中華醫事科技大學,1,技專校院,臺南市仁德區,3,2708,1923,85.75,71.1,67.14,3.09,32.86,0,0
988,112,亞東學校財團法人亞東科技大學,1,技專校院,新北市板橋區,1,1073,932,88.65,88.23,31.4,5.76,68.6,0,0
989,112,仁德醫護管理專科學校,1,技專校院,苗栗縣後龍鎮,6,1561,1278,82.65,81.89,55.49,6.05,44.51,0,0
990,112,修平學校財團法人修平科技大學,1,技專校院,臺中市大里區,3,1379,709,83.84,57.89,60.46,14.76,39.54,0,0
991,112,健行學校財團法人健行科技大學,1,技專校院,桃園市中壢區,2,2859,2082,79.69,75,63.44,4.71,36.56,0,0
992,112,僑光科技大學,1,技專校院,臺中市西屯區,2,2336,1872,78.25,81.23,70.58,2.41,29.42,0,0
993,112,光宇學校財團法人元培醫事科技大學,1,技專校院,新竹市香山區,3,1685,786,77.83,50.44,57.68,6.53,42.32,0,0
994,112,南亞科技學校財團法人南亞技術學院,1,技專校院,桃園市中壢區,2,961,683,82.03,71.07,55.75,1.8,44.25,0,0
995,112,南臺學校財團法人南臺科技大學,1,技專校院,臺南市永康區,3,4106,3213,87.27,78.81,56.46,1.99,43.54,0,0
996,112,南開科技大學,1,技專校院,南投縣草屯鎮,4,898,543,85.77,65.43,55.17,9.59,44.83,0,0
997,112,台北海洋學校財團法人台北海洋科技大學,1,技專校院,新北市淡水區,3,1433,992,81.37,70.14,62.89,8.92,37.11,0,0
998,112,台南家專學校財團法人台南應用科技大學,1,技專校院,臺南市永康區,3,2954,2037,82.85,69.47,69.58,2,30.42,0,0
999,112,台鋼學校財團法人台鋼科技大學,1,技專校院,高雄市路竹區,5,809,127,78.5,15.7,22.1,3.51,77.9,1,0
1000,112,吳鳳科技大學,1,技專校院,嘉義縣民雄鄉,4,1568,939,87.02,64.16,54.29,1.82,45.71,0,0
1001,112,嘉藥學校財團法人嘉南藥理大學,1,技專校院,臺南市仁德區,3,3042,1859,85.74,63.53,54.72,5.35,45.28,0,0
1002,112,城市學校財團法人臺北城市科技大學,1,技專校院,臺北市北投區,2,2910,1913,80.21,71.38,70.6,11.34,29.4,0,0
1003,112,大仁科技大學,1,技專校院,屏東縣鹽埔鄉,7,1751,1218,76.63,69.77,52.75,12.21,47.25,0,0
1004,112,大漢技術學院,1,技專校院,花蓮縣新城鄉,4,362,187,68.97,51.66,44.3,8.74,55.7,0,1
1005,112,大華學校財團法人敏實科技大學,1,技專校院,新竹縣芎林鄉,3,300,129,74.79,61.14,35.38,2.61,64.62,0,0
1006,112,宏國學校財團法人宏國德霖科技大學,1,技專校院,新北市土城區,3,1907,995,78.48,56.05,53.52,14.77,46.48,0,0
1007,112,崇仁醫護管理專科學校,1,技專校院,嘉義市東區,4,700,620,93.25,88.57,60.16,6.94,39.84,0,0
1008,112,崇右學校財團法人崇右影藝科技大學,1,技專校院,基隆市信義區,4,319,299,39.24,93.92,40.58,6.24,59.42,0,0
1009,112,崑山科技大學,1,技專校院,臺南市永康區,3,2416,1417,80.64,66.12,42.11,4.03,57.89,0,0
1010,112,嶺東科技大學,1,技專校院,臺中市南屯區,2,2692,2182,79.18,81.27,67.26,11.29,32.74,0,0
1011,112,廣亞學校財團法人育達科技大學,1,技專校院,苗栗縣造橋鄉,6,1459,868,76.88,64.92,54.95,5.54,45.05,0,0
1012,112,建國科技大學,1,技專校院,彰化縣彰化市,4,1567,812,79.94,55.2,39.62,1.87,60.38,0,0
1013,112,弘光科技大學,1,技專校院,臺中市沙鹿區,3,3366,2858,86.35,85.41,56.8,3.36,43.2,0,0
1014,112,德明財經科技大學,1,技專校院,臺北市內湖區,2,1591,891,81.05,60.86,53.37,4.47,46.63,0,0
1015,112,德育學校財團法人德育護理健康學院,1,技專校院,基隆市中山區,4,1439,969,84.46,72.02,59.11,10.03,40.89,0,0
1016,112,慈惠醫護管理專科學校,1,技專校院,屏東縣南州鄉,7,618,319,84.47,51.62,52.76,7.89,47.24,0,0
1017,112,慈濟學校財團法人慈濟科技大學,1,技專校院,花蓮縣花蓮市,4,810,614,86.21,77.38,25.08,6.35,74.92,0,0
1018,112,敏惠醫護管理專科學校,1,技專校院,臺南市柳營區,6,841,682,94.09,81.14,64.28,10.03,35.72,0,0
1019,112,文藻學校財團法人文藻外語大學,1,技專校院,高雄市三民區,2,2008,1444,83.89,72.69,51.35,23.05,48.65,0,0
1020,112,新生醫護管理專科學校,1,技專校院,桃園市龍潭區,3,1273,1274,91.83,100,69.48,7.68,30.52,0,0
1021,112,明志科技大學,1,技專校院,新北市泰山區,4,1030,1035,90.82,100,18.6,0.14,81.4,0,0
1022,112,明新學校財團法人明新科技大學,1,技專校院,新竹縣新豐鄉,3,2710,1939,83.4,76.81,55.49,3.24,44.51,0,0
1023,112,景文科技大學,1,技專校院,新北市新店區,2,1380,974,76.01,74.95,51.68,6.44,48.32,0,0
1024,112,朝陽科技大學,1,技專校院,臺中市霧峰區,4,3046,2752,87.09,90.93,55.94,1.87,44.06,0,0
1025,112,東南科技大學,1,技專校院,新北市深坑區,4,1179,586,72.66,56.81,64.22,9.76,35.78,0,0
1026,112,樹人醫護管理專科學校,1,技專校院,高雄市路竹區,5,1702,1655,89.58,97.24,66.79,4.59,33.21,0,0
1027,112,樹德科技大學,1,技專校院,高雄市燕巢區,6,2961,2054,77.14,71.6,57.76,4.11,42.24,0,0
1028,112,正修學校財團法人正修科技大學,1,技專校院,高雄市鳥松區,2,5264,3716,82.09,72.86,49.76,3.26,50.24,0,0
1029,112,美和學校財團法人美和科技大學,1,技專校院,屏東縣內埔鄉,6,1870,1414,86.55,75.67,63.36,25.11,36.64,0,0
1030,112,耕莘健康管理專科學校,1,技專校院,新北市新店區,2,908,852,91.59,93.84,40.71,6.02,59.29,0,0
1031,112,聖母醫護管理專科學校,1,技專校院,宜蘭縣三星鄉,6,442,296,87.32,67.34,50.84,7.33,49.16,0,0
1032,112,聖約翰科技大學,1,技專校院,新北市淡水區,3,163,106,71.72,65.03,27.34,33.31,72.66,0,0
1033,112,育英醫護管理專科學校,1,技專校院,高雄市三民區,2,370,365,92.37,98.65,61.51,5.75,38.49,0,0
1034,112,致理學校財團法人致理科技大學,1,技專校院,新北市板橋區,1,2518,2422,88.18,96.28,64.02,16.23,35.98,0,0
1035,112,萬能學校財團法人萬能科技大學,1,技專校院,桃園市中壢區,2,2609,1920,74.46,75.1,66.26,2.52,33.74,0,0
1036,112,輔英科技大學,1,技專校院,高雄市大寮區,4,3042,2210,89.37,73.38,56.23,3.51,43.77,0,0
1037,112,醒吾學校財團法人醒吾科技大學,1,技專校院,新北市林口區,3,2140,1291,73.24,65.64,62.56,30.7,37.44,0,0
1038,112,長庚學校財團法人長庚科技大學,1,技專校院,桃園市龜山區,3,2201,2157,92.17,98.01,28.53,7.55,71.47,0,0
1039,112,馬偕學校財團法人馬偕醫護管理專科學校,1,技專校院,臺北市北投區,2,914,879,91.31,96.28,36.67,7.67,63.33,0,0
1040,112,黎明技術學院,1,技專校院,新北市泰山區,4,1629,1069,60.88,71.52,63.13,2.93,36.87,0,0
1041,112,龍華科技大學,1,技專校院,桃園市龜山區,3,2669,2396,73.54,91.62,55.17,8.61,44.83,0,0